-- phpMyAdmin SQL Dump
-- version 4.6.6deb5
-- https://www.phpmyadmin.net/
--
-- Host: localhost:3306
-- Generation Time: Apr 26, 2019 at 11:44 AM
-- Server version: 5.7.25-0ubuntu0.18.04.2
-- PHP Version: 7.2.15-0ubuntu0.18.04.2

SET SQL_MODE = "NO_AUTO_VALUE_ON_ZERO";
SET time_zone = "+00:00";


/*!40101 SET @OLD_CHARACTER_SET_CLIENT=@@CHARACTER_SET_CLIENT */;
/*!40101 SET @OLD_CHARACTER_SET_RESULTS=@@CHARACTER_SET_RESULTS */;
/*!40101 SET @OLD_COLLATION_CONNECTION=@@COLLATION_CONNECTION */;
/*!40101 SET NAMES utf8mb4 */;

--
-- Database: `myapp3`
--

-- --------------------------------------------------------

--
-- Table structure for table `migrations`
--

CREATE TABLE `migrations` (
  `id` int(10) UNSIGNED NOT NULL,
  `migration` varchar(255) COLLATE utf8mb4_unicode_ci NOT NULL,
  `batch` int(11) NOT NULL
) ENGINE=InnoDB DEFAULT CHARSET=utf8mb4 COLLATE=utf8mb4_unicode_ci;

--
-- Dumping data for table `migrations`
--

INSERT INTO `migrations` (`id`, `migration`, `batch`) VALUES
(9, '2014_10_12_000000_create_users_table', 1),
(10, '2014_10_12_100000_create_password_resets_table', 1),
(11, '2019_04_26_044244_create_products_table', 1),
(12, '2019_04_26_044257_create_reviews_table', 1);

-- --------------------------------------------------------

--
-- Table structure for table `password_resets`
--

CREATE TABLE `password_resets` (
  `email` varchar(255) COLLATE utf8mb4_unicode_ci NOT NULL,
  `token` varchar(255) COLLATE utf8mb4_unicode_ci NOT NULL,
  `created_at` timestamp NULL DEFAULT NULL
) ENGINE=InnoDB DEFAULT CHARSET=utf8mb4 COLLATE=utf8mb4_unicode_ci;

-- --------------------------------------------------------

--
-- Table structure for table `products`
--

CREATE TABLE `products` (
  `id` bigint(20) UNSIGNED NOT NULL,
  `name` varchar(255) COLLATE utf8mb4_unicode_ci NOT NULL,
  `details` text COLLATE utf8mb4_unicode_ci NOT NULL,
  `stock` int(11) NOT NULL,
  `price` decimal(10,2) NOT NULL,
  `discount` int(11) NOT NULL,
  `created_at` timestamp NULL DEFAULT NULL,
  `updated_at` timestamp NULL DEFAULT NULL
) ENGINE=InnoDB DEFAULT CHARSET=utf8mb4 COLLATE=utf8mb4_unicode_ci;

--
-- Dumping data for table `products`
--

INSERT INTO `products` (`id`, `name`, `details`, `stock`, `price`, `discount`, `created_at`, `updated_at`) VALUES
(1, 'sunt', 'Et nobis nostrum rerum voluptate. Placeat nihil quia deserunt possimus. Labore necessitatibus est consequatur quo consequatur sint nulla. Cum sint quis similique est in. Sed commodi dolores adipisci animi.', 5, '147.24', 27, '2019-04-26 00:35:34', '2019-04-26 00:35:34'),
(2, 'labore', 'Corporis natus est eos sunt delectus. Quaerat harum sequi qui delectus voluptas provident aut. Quia cum minima aperiam non unde sequi. Fugit sed temporibus magni quidem cum sed. Voluptatibus eos reiciendis totam deleniti minima.', 4, '387.04', 9, '2019-04-26 00:35:34', '2019-04-26 00:35:34'),
(3, 'rerum', 'Facere illum ad voluptatem illum. Aut enim accusamus culpa ut. Fugit neque aliquam ipsum in quia. Similique ad qui fugiat saepe delectus nisi.', 7, '574.52', 23, '2019-04-26 00:35:34', '2019-04-26 00:35:34'),
(4, 'optio', 'Nostrum sunt illo inventore sit. Quia dolores dignissimos ratione et. Perferendis alias in quisquam sint soluta magnam. Rerum quod hic quod est dolor et debitis.', 0, '895.46', 22, '2019-04-26 00:35:34', '2019-04-26 00:35:34'),
(5, 'aspernatur', 'Ea aut vitae occaecati voluptas non et ea qui. Corporis saepe vel ut amet in consequatur autem. Aperiam aut voluptates amet et labore. Quam odio dolores quas iure.', 4, '262.68', 23, '2019-04-26 00:35:34', '2019-04-26 00:35:34'),
(6, 'consequuntur', 'Et iste qui dolore hic sunt voluptate ut. Eum quod reprehenderit dolores totam et consequatur voluptas. Velit ullam aut pariatur et.', 6, '977.97', 30, '2019-04-26 00:35:34', '2019-04-26 00:35:34'),
(7, 'ut', 'Et et architecto fuga rem doloremque labore. Recusandae beatae accusamus eaque temporibus quia qui. Dolores magnam aut at voluptatem. Qui est cumque quia quasi.', 5, '848.36', 12, '2019-04-26 00:35:35', '2019-04-26 00:35:35'),
(8, 'tempora', 'Quam fuga in est eligendi et sed illo. Sequi consequatur sint qui asperiores mollitia. Esse sint odit occaecati molestiae at ut sed. Possimus autem id dolor quas tempora debitis repellat.', 8, '521.34', 24, '2019-04-26 00:35:35', '2019-04-26 00:35:35'),
(9, 'enim', 'Velit impedit dolorum officiis temporibus et magni. Et voluptas amet nulla earum error mollitia ea voluptas. Odit nesciunt eligendi fuga. Eos qui aperiam enim in.', 7, '161.62', 7, '2019-04-26 00:35:35', '2019-04-26 00:35:35'),
(10, 'error', 'Ex autem est ea explicabo excepturi eligendi. Voluptate ut sed mollitia nihil et vitae eum sunt. Enim quas excepturi esse in. Veniam eveniet iste voluptas veniam magni quis.', 2, '895.44', 30, '2019-04-26 00:35:35', '2019-04-26 00:35:35'),
(11, 'voluptates', 'Veniam ipsum fuga rerum sint maxime. Ut quod architecto ipsa dolorem. Nam accusamus expedita reprehenderit impedit accusantium. Ipsam maiores et repellendus.', 4, '101.88', 28, '2019-04-26 00:35:35', '2019-04-26 00:35:35'),
(12, 'id', 'Occaecati dolore non ut nesciunt quasi. Rerum nulla officiis occaecati impedit accusamus aut. Fuga suscipit dolor et magnam fugit sunt corrupti est. Autem asperiores consequatur eos architecto temporibus architecto vero.', 8, '906.00', 22, '2019-04-26 00:35:35', '2019-04-26 00:35:35'),
(13, 'est', 'Inventore culpa architecto odit quasi vel. Nobis rerum pariatur ut nihil doloremque esse qui. Nemo qui eos inventore. Neque dolore aliquid ut assumenda voluptas. Laudantium laudantium nostrum at ut eligendi quos.', 6, '555.44', 26, '2019-04-26 00:35:35', '2019-04-26 00:35:35'),
(14, 'voluptas', 'Repellat perspiciatis unde et dolor iure nihil voluptas. Voluptates earum fugit tempora velit. Occaecati enim asperiores asperiores ad mollitia aut est. Laboriosam qui ex dolorum deserunt aliquid.', 4, '306.40', 30, '2019-04-26 00:35:35', '2019-04-26 00:35:35'),
(15, 'cumque', 'Blanditiis sequi ut reiciendis delectus ipsa quo perspiciatis enim. Nostrum molestiae debitis dolores amet consequatur. Tempore optio at perferendis est ipsum.', 1, '244.81', 12, '2019-04-26 00:35:35', '2019-04-26 00:35:35'),
(16, 'qui', 'Repellendus perspiciatis et omnis corrupti ut animi. Aut ea quis sit nulla ea eos rerum necessitatibus. Ad expedita quisquam aut.', 2, '648.23', 28, '2019-04-26 00:35:35', '2019-04-26 00:35:35'),
(17, 'pariatur', 'Eligendi non asperiores illum dolores sed dolorum culpa porro. Recusandae doloremque aut non sapiente adipisci possimus. Occaecati dolorem eum omnis nihil ipsam. Et voluptas nihil excepturi aperiam.', 6, '678.10', 19, '2019-04-26 00:35:35', '2019-04-26 00:35:35'),
(18, 'sapiente', 'Et quisquam mollitia debitis. Laborum ut vitae debitis laudantium sequi maxime deserunt. Omnis sint mollitia iste corrupti. Voluptate ipsum ut iusto vel ullam aliquid numquam itaque.', 0, '151.94', 21, '2019-04-26 00:35:36', '2019-04-26 00:35:36'),
(19, 'aperiam', 'Ipsa nesciunt consequuntur odio recusandae enim magni. Est hic cupiditate delectus et enim. Fugiat et et quia molestiae blanditiis. Id est impedit modi doloribus.', 5, '453.28', 27, '2019-04-26 00:35:36', '2019-04-26 00:35:36'),
(20, 'et', 'Quibusdam consequatur perferendis consequatur enim cupiditate. Cumque laudantium alias molestiae.', 6, '125.65', 22, '2019-04-26 00:35:36', '2019-04-26 00:35:36'),
(21, 'fugit', 'Vitae perspiciatis ipsam corporis sed aut odit. Possimus voluptatem molestias dolores autem quos. Expedita aut accusamus repellat dolorem.', 6, '760.59', 5, '2019-04-26 00:35:36', '2019-04-26 00:35:36'),
(22, 'temporibus', 'Et enim commodi voluptatem natus. Sunt tempore voluptatem aut vel fugiat laborum. Optio in ducimus ut quos minima dolore. Tempore autem dolor explicabo.', 0, '630.93', 11, '2019-04-26 00:35:36', '2019-04-26 00:35:36'),
(23, 'quod', 'Quia esse dolorem perspiciatis voluptatem quidem recusandae. Repudiandae veniam non in consequatur accusamus sunt voluptas. Asperiores possimus alias odit vel ut aspernatur quaerat voluptas. Placeat veritatis rem nisi quos placeat repellat.', 4, '535.53', 10, '2019-04-26 00:35:36', '2019-04-26 00:35:36'),
(24, 'eius', 'Ea aliquam saepe et. Iure dicta incidunt impedit quasi. Assumenda est deleniti deserunt.', 9, '622.94', 20, '2019-04-26 00:35:36', '2019-04-26 00:35:36'),
(25, 'non', 'Aut qui molestiae saepe laboriosam nobis vitae beatae. Qui in facilis fugiat excepturi ea similique.', 9, '109.22', 12, '2019-04-26 00:35:36', '2019-04-26 00:35:36'),
(26, 'alias', 'Eum ullam aperiam et eos qui. Quae sit modi cumque fugiat odit velit autem. Libero veniam nostrum sed eos deleniti.', 8, '935.75', 10, '2019-04-26 00:35:36', '2019-04-26 00:35:36'),
(27, 'minus', 'Temporibus beatae soluta veniam eos fugit sint. Nobis repellat id itaque corrupti amet sed. Magnam eveniet voluptas veritatis accusantium impedit voluptate. Repudiandae et libero cum aliquam.', 7, '259.34', 5, '2019-04-26 00:35:36', '2019-04-26 00:35:36'),
(28, 'quaerat', 'Illum velit qui nemo autem voluptatem sint. Illum deserunt ut quia dolores et. Magnam nostrum tempore non consequatur.', 2, '394.65', 15, '2019-04-26 00:35:37', '2019-04-26 00:35:37'),
(29, 'sed', 'Sapiente et cum qui maxime reprehenderit magnam. Voluptates ut ut et sunt rem. Nostrum sed magni quia dolorem aut voluptatem maxime.', 9, '650.58', 19, '2019-04-26 00:35:37', '2019-04-26 00:35:37'),
(30, 'quibusdam', 'Tempora ratione ipsam non et. Sit nihil laboriosam doloribus et ullam fugit. Placeat aut corrupti delectus et.', 7, '807.20', 30, '2019-04-26 00:35:37', '2019-04-26 00:35:37'),
(31, 'delectus', 'Et doloribus eligendi enim vero quam voluptas maxime iusto. Repellendus minus velit sit atque aliquam commodi. Rerum est omnis quas voluptatem est ut et atque.', 4, '245.22', 23, '2019-04-26 00:35:37', '2019-04-26 00:35:37'),
(32, 'libero', 'Qui enim aut voluptate tenetur. Cupiditate ratione repellat mollitia voluptatum. Delectus et non commodi provident qui ex veritatis. Illum optio est maiores libero.', 8, '287.29', 29, '2019-04-26 00:35:37', '2019-04-26 00:35:37'),
(33, 'non', 'Sed est doloribus officiis reiciendis. Officiis voluptatibus est et omnis. Atque nulla omnis fugit in laborum occaecati qui. Nulla perspiciatis dolores quia occaecati voluptas quas. Saepe facere et et ut.', 6, '522.59', 13, '2019-04-26 00:35:37', '2019-04-26 00:35:37'),
(34, 'quasi', 'Suscipit nihil voluptatem ratione ut eius. Vero facilis laboriosam et repellat adipisci numquam vel. Voluptatem molestias non impedit vel. Quaerat voluptatem et libero non accusantium.', 5, '201.03', 6, '2019-04-26 00:35:37', '2019-04-26 00:35:37'),
(35, 'ipsam', 'Necessitatibus voluptate ut dolor labore aliquid. Quasi reprehenderit labore hic. Saepe autem iusto sit qui sed delectus.', 1, '278.87', 10, '2019-04-26 00:35:37', '2019-04-26 00:35:37'),
(36, 'quia', 'Vitae alias nam voluptatem esse vitae blanditiis molestiae corrupti. Ut qui aliquid quisquam sed. Laborum laboriosam eveniet facilis veritatis odio dolor autem.', 4, '745.98', 29, '2019-04-26 00:35:37', '2019-04-26 00:35:37'),
(37, 'qui', 'Ipsam beatae laboriosam aliquam nisi et aut. Dolores enim odit harum doloribus possimus exercitationem est. Illum earum laborum pariatur et. Earum provident eum molestiae voluptatem consequatur maiores.', 4, '446.18', 18, '2019-04-26 00:35:37', '2019-04-26 00:35:37'),
(38, 'maiores', 'Dolores rerum quod et corrupti qui sequi. Aut nihil qui laudantium eligendi optio. Molestias nostrum quidem culpa aut aut quam animi.', 3, '659.41', 11, '2019-04-26 00:35:37', '2019-04-26 00:35:37'),
(39, 'facilis', 'Vero non repellat quos ipsa nulla. Excepturi eos ut molestiae sunt voluptas consectetur. Distinctio vel harum optio. Aliquid nemo unde beatae aspernatur.', 6, '282.49', 5, '2019-04-26 00:35:37', '2019-04-26 00:35:37'),
(40, 'facilis', 'Molestias unde odit ipsum nobis. In omnis ea quaerat tempora repellendus quo. Nesciunt consequatur placeat corporis est incidunt nobis quo quidem. Enim ex non tenetur maxime earum quibusdam culpa enim.', 8, '940.08', 22, '2019-04-26 00:35:37', '2019-04-26 00:35:37'),
(41, 'veniam', 'Magnam rerum maiores blanditiis dignissimos. Illo eaque debitis nobis. Praesentium ipsa illo alias tenetur qui quas quia.', 4, '927.84', 23, '2019-04-26 00:35:37', '2019-04-26 00:35:37'),
(42, 'et', 'Dolores quo natus et ea voluptas nostrum nobis. Optio et qui culpa et voluptatem. Molestiae et est eos dolore velit magnam porro.', 2, '139.68', 7, '2019-04-26 00:35:37', '2019-04-26 00:35:37'),
(43, 'quis', 'Corrupti tempora et beatae est possimus tenetur quidem itaque. Quibusdam repellendus et cum et vel. Nemo magnam reprehenderit est qui consequatur dolorum.', 2, '746.82', 20, '2019-04-26 00:35:37', '2019-04-26 00:35:37'),
(44, 'ea', 'Ut temporibus repellendus tempore maxime. Qui omnis quo ipsum nihil aut illo fugit. Enim nihil excepturi qui voluptas fuga delectus. Non molestiae autem sed fugiat quibusdam eum.', 4, '394.97', 16, '2019-04-26 00:35:38', '2019-04-26 00:35:38'),
(45, 'et', 'Enim iure ea aut. Harum rerum animi tempore necessitatibus repellendus eum. Voluptatem non officiis dicta molestias minima. Quaerat doloremque quia iste similique.', 5, '788.82', 29, '2019-04-26 00:35:38', '2019-04-26 00:35:38'),
(46, 'est', 'Aliquam adipisci non id. Temporibus adipisci est eius.', 1, '111.02', 19, '2019-04-26 00:35:38', '2019-04-26 00:35:38'),
(47, 'aut', 'Assumenda molestiae quidem aliquam aut reiciendis velit. Dolor temporibus quia qui expedita. Maxime dolore et ipsa consequuntur deleniti impedit error.', 5, '577.19', 23, '2019-04-26 00:35:38', '2019-04-26 00:35:38'),
(48, 'sequi', 'Rem veniam nostrum et doloremque itaque vel cum. Molestiae odit id maiores eligendi ea. Odio quod et quis rerum labore tempore sapiente totam.', 1, '638.72', 21, '2019-04-26 00:35:38', '2019-04-26 00:35:38'),
(49, 'dolore', 'Recusandae autem in doloremque. Occaecati qui laudantium nihil. Sit nam omnis sunt. Dolore sit fugiat aperiam ea.', 9, '970.17', 14, '2019-04-26 00:35:38', '2019-04-26 00:35:38'),
(50, 'et', 'Non voluptates enim enim autem. Nam nisi iure dolore inventore nulla. Odio eius nihil et dolorum porro inventore autem exercitationem. Quibusdam molestiae ut dicta quo aliquid nisi voluptas est.', 7, '307.79', 25, '2019-04-26 00:35:38', '2019-04-26 00:35:38');

-- --------------------------------------------------------

--
-- Table structure for table `reviews`
--

CREATE TABLE `reviews` (
  `id` bigint(20) UNSIGNED NOT NULL,
  `product_id` bigint(20) UNSIGNED NOT NULL,
  `customer` varchar(255) COLLATE utf8mb4_unicode_ci NOT NULL,
  `review` text COLLATE utf8mb4_unicode_ci NOT NULL,
  `star` int(11) NOT NULL,
  `created_at` timestamp NULL DEFAULT NULL,
  `updated_at` timestamp NULL DEFAULT NULL
) ENGINE=InnoDB DEFAULT CHARSET=utf8mb4 COLLATE=utf8mb4_unicode_ci;

--
-- Dumping data for table `reviews`
--

INSERT INTO `reviews` (`id`, `product_id`, `customer`, `review`, `star`, `created_at`, `updated_at`) VALUES
(1, 42, 'Sasha Howell', 'Officiis est quam quae voluptatem ut culpa id. Et nihil mollitia non unde ipsum atque. Dignissimos autem et nulla. Dignissimos aut est et tenetur.', 4, '2019-04-26 00:35:38', '2019-04-26 00:35:38'),
(2, 16, 'Ora Blanda', 'Debitis eaque id magnam dolor quia. Qui ullam placeat veniam quasi dolorum. Omnis et incidunt perspiciatis rerum.', 5, '2019-04-26 00:35:38', '2019-04-26 00:35:38'),
(3, 8, 'Jacquelyn Homenick', 'Quam possimus quasi iste rerum qui id. Aut soluta aliquid rerum fuga harum optio quis. Nam ut sunt asperiores distinctio et. Excepturi autem optio doloremque nulla qui placeat.', 4, '2019-04-26 00:35:39', '2019-04-26 00:35:39'),
(4, 42, 'Viva Hamill DDS', 'Neque facere accusamus minus dolorem. Voluptas aut fuga autem aperiam qui veritatis. Et qui temporibus consequatur deserunt totam praesentium.', 5, '2019-04-26 00:35:39', '2019-04-26 00:35:39'),
(5, 34, 'Tremaine Graham DDS', 'Voluptate odio perspiciatis incidunt molestiae ipsa ab nam. Commodi unde asperiores aut et. Laborum id qui ut iusto eveniet sed incidunt id.', 4, '2019-04-26 00:35:39', '2019-04-26 00:35:39'),
(6, 27, 'Ms. Katrina Jones DVM', 'Et quaerat natus ab qui. Dolores est quas quisquam cupiditate ut commodi. Sit accusamus earum qui exercitationem eveniet.', 4, '2019-04-26 00:35:39', '2019-04-26 00:35:39'),
(7, 12, 'Damon Vandervort', 'Reiciendis autem sed et ab sed aut cum non. Sapiente dolorum asperiores expedita. Perferendis tenetur et iste repellendus. Magni ut voluptatem rem et.', 5, '2019-04-26 00:35:39', '2019-04-26 00:35:39'),
(8, 18, 'Mandy Goldner', 'Iste et dolore ipsa eum. Soluta ipsam soluta aliquid error.', 4, '2019-04-26 00:35:39', '2019-04-26 00:35:39'),
(9, 49, 'Lillie Haag', 'Ut eos aut rem id. Aut velit nisi libero ut optio aut deleniti. Nisi molestiae unde ipsum quasi itaque culpa.', 5, '2019-04-26 00:35:39', '2019-04-26 00:35:39'),
(10, 38, 'Mrs. River Hackett DDS', 'Quis ab sed provident quidem suscipit assumenda tempore libero. Deserunt et quia recusandae reprehenderit. Quo consequatur dicta quam sit quasi. Sunt eos minima aliquid quidem recusandae dolor sunt. Et deserunt eaque et unde.', 0, '2019-04-26 00:35:39', '2019-04-26 00:35:39'),
(11, 39, 'Katelin Lehner', 'Quia et expedita quia et earum similique et omnis. Distinctio quia ut excepturi eum id vero velit dignissimos. Laudantium doloremque inventore ipsum exercitationem.', 5, '2019-04-26 00:35:39', '2019-04-26 00:35:39'),
(12, 21, 'Penelope Rau', 'Et quia vitae non. Accusamus debitis non officiis debitis mollitia. Autem vel asperiores amet natus. Suscipit quae alias velit cupiditate non alias necessitatibus. Unde earum ut saepe officia repudiandae omnis aut neque.', 3, '2019-04-26 00:35:39', '2019-04-26 00:35:39'),
(13, 33, 'Freeman Thiel', 'Odit qui error sint in eius id laudantium. Voluptas consequatur vitae occaecati. Qui inventore est voluptas autem.', 1, '2019-04-26 00:35:39', '2019-04-26 00:35:39'),
(14, 49, 'Mr. Ephraim Lehner V', 'Veniam maiores ut aperiam dolor et nobis. Veritatis molestiae earum nobis culpa excepturi. Perspiciatis fugit non reiciendis eveniet vel quos. Reprehenderit est cupiditate possimus.', 2, '2019-04-26 00:35:39', '2019-04-26 00:35:39'),
(15, 40, 'Xander Tremblay', 'Id ut facilis voluptatum totam facilis suscipit. Voluptatem numquam et odit laboriosam iusto. Maiores laboriosam quis enim quo rerum animi.', 0, '2019-04-26 00:35:39', '2019-04-26 00:35:39'),
(16, 14, 'Prof. Natasha VonRueden', 'Dolorum ut sequi itaque minus ipsa aliquid. Minus neque quo suscipit dolorem architecto. Distinctio temporibus consequatur sunt vitae voluptatem numquam.', 1, '2019-04-26 00:35:39', '2019-04-26 00:35:39'),
(17, 42, 'Ms. Elna Paucek', 'Dolor dolor pariatur ut laborum. Ad rerum ut aut ipsam nihil placeat. Ducimus laudantium harum non totam minima quaerat. Ipsa dolores velit dolores et doloribus odio dolores.', 1, '2019-04-26 00:35:40', '2019-04-26 00:35:40'),
(18, 4, 'Jacey Lakin', 'Distinctio libero ullam facilis blanditiis. Et temporibus autem nam commodi. Sit et adipisci nemo id voluptate illo. Rerum voluptas eum exercitationem neque eveniet est.', 1, '2019-04-26 00:35:40', '2019-04-26 00:35:40'),
(19, 47, 'Scotty Turcotte', 'Sit rerum fuga perspiciatis in. Veniam in ratione qui dolore culpa velit. Quo voluptatibus est nesciunt sed natus. Est consequatur laboriosam est provident sit dolorem in consequatur. Eveniet quidem et iste iusto voluptatem eum.', 3, '2019-04-26 00:35:40', '2019-04-26 00:35:40'),
(20, 14, 'Aileen Hagenes', 'Ab repellendus praesentium odio odio eos itaque provident illo. Laudantium fugit molestias aliquid non. Qui consequatur nam autem ipsa. Cumque iste maiores et et et.', 1, '2019-04-26 00:35:40', '2019-04-26 00:35:40'),
(21, 30, 'Yolanda Jast', 'Ut minima laudantium hic temporibus. Ea facere illum occaecati est. Velit rerum consequatur sint soluta.', 5, '2019-04-26 00:35:40', '2019-04-26 00:35:40'),
(22, 5, 'Eudora Streich I', 'Deleniti vel ut natus quo dolorem qui. Nisi commodi numquam culpa voluptatibus architecto sunt et. Laudantium quae quis voluptatem facere sit voluptate explicabo. Accusamus cupiditate enim sed et recusandae ut quae.', 0, '2019-04-26 00:35:40', '2019-04-26 00:35:40'),
(23, 49, 'Gus Flatley', 'Et repellendus occaecati unde ducimus numquam ipsum. Et nihil aut distinctio officiis et ratione. Expedita impedit eos ea qui et.', 2, '2019-04-26 00:35:40', '2019-04-26 00:35:40'),
(24, 29, 'Dr. Curtis Hirthe Jr.', 'Velit explicabo voluptas est blanditiis. Voluptates maxime neque voluptates nihil id possimus aspernatur veniam. Nostrum quisquam dolores quis voluptatem quo et ratione quia. Et nesciunt hic sit officiis.', 2, '2019-04-26 00:35:40', '2019-04-26 00:35:40'),
(25, 7, 'Brent Mann Jr.', 'Repellendus eveniet praesentium numquam est. Quae impedit nemo minus quae voluptates ex. Facilis et pariatur eius corrupti.', 1, '2019-04-26 00:35:40', '2019-04-26 00:35:40'),
(26, 27, 'Zita Stehr', 'Ut fugiat sunt est tenetur in aspernatur modi. At quae fugiat provident sit ea. Libero unde aspernatur reiciendis occaecati sit fugit. Eaque cumque fugit rem in excepturi repellendus.', 0, '2019-04-26 00:35:40', '2019-04-26 00:35:40'),
(27, 8, 'Miss Margie Nikolaus', 'Sed a ut nam reiciendis. Neque et maiores possimus aut quo. Aspernatur porro et laboriosam quis aut odio qui. Explicabo culpa at ut aut omnis veniam sequi nihil. Quaerat voluptas enim impedit.', 0, '2019-04-26 00:35:40', '2019-04-26 00:35:40'),
(28, 32, 'Miss Delfina Pfannerstill', 'Aliquam et et placeat omnis omnis. Quia dolorem debitis nemo ut libero recusandae quae id. Voluptatum dolore voluptatibus voluptatibus est soluta sint deleniti enim.', 5, '2019-04-26 00:35:40', '2019-04-26 00:35:40'),
(29, 25, 'Mrs. Gail Ziemann', 'Molestiae consequatur aut enim repellendus. Harum et repudiandae cupiditate nihil ratione aut. Et ut eos vel est quam.', 3, '2019-04-26 00:35:40', '2019-04-26 00:35:40'),
(30, 47, 'Justyn Dickens', 'Aut quo quas quis accusantium qui. Aut quam sed asperiores quasi ut facilis. Accusantium ab reiciendis inventore aut.', 2, '2019-04-26 00:35:40', '2019-04-26 00:35:40'),
(31, 15, 'Litzy Pollich I', 'Similique tempore doloremque ut. Voluptatem qui inventore ut consequatur. Ut sit sit accusamus odit ut quas voluptas quo.', 5, '2019-04-26 00:35:41', '2019-04-26 00:35:41'),
(32, 45, 'Stewart Gorczany', 'Esse accusamus illo quaerat qui odit non. Quo sit et non aliquam optio autem illo. Iure incidunt voluptatibus qui eum. Accusamus totam eos esse minus blanditiis ea. Sit quisquam ullam aspernatur.', 0, '2019-04-26 00:35:41', '2019-04-26 00:35:41'),
(33, 39, 'Evert Rohan', 'Nemo eius beatae amet maiores corporis. Quae debitis voluptatem illum perspiciatis mollitia aut. Natus debitis amet eos. Soluta a impedit id maxime qui sit voluptates fuga.', 1, '2019-04-26 00:35:41', '2019-04-26 00:35:41'),
(34, 8, 'Romaine Torphy', 'Adipisci sed dolore harum ratione quas. Soluta blanditiis nesciunt accusamus minus aut id ipsam. In deleniti et sint quam.', 0, '2019-04-26 00:35:41', '2019-04-26 00:35:41'),
(35, 26, 'Prof. Jonas Vandervort', 'Enim ut officiis odit laborum molestiae officia. Provident officiis ut quia laborum possimus doloremque aut. Recusandae molestiae vitae itaque eveniet est. Itaque vitae non voluptas enim.', 1, '2019-04-26 00:35:41', '2019-04-26 00:35:41'),
(36, 12, 'Terence Swift I', 'Odio ad consectetur eaque est est architecto nihil. Minus doloremque excepturi soluta eos molestias quia quam rerum. Quia dolor consequatur perspiciatis minus.', 1, '2019-04-26 00:35:41', '2019-04-26 00:35:41'),
(37, 34, 'Jaylen Balistreri', 'Tempore quidem voluptatem inventore quo et eveniet. Eos officiis ex atque rerum. Delectus aperiam blanditiis laborum nihil et est saepe.', 5, '2019-04-26 00:35:41', '2019-04-26 00:35:41'),
(38, 10, 'Hal Bahringer', 'Animi exercitationem et hic cupiditate aspernatur. Nihil autem minus sequi iste. Consequatur possimus autem ab quis iste voluptatem. Aut facilis praesentium voluptas qui.', 1, '2019-04-26 00:35:41', '2019-04-26 00:35:41'),
(39, 6, 'Earline Schroeder', 'Ex quos est distinctio accusamus. Aut pariatur ea nobis quasi aut id ducimus. Molestiae dolores neque et. Et accusantium dolores vero ad accusamus. Quibusdam ea dignissimos harum voluptatem consequatur.', 4, '2019-04-26 00:35:41', '2019-04-26 00:35:41'),
(40, 37, 'Mr. Gage Jaskolski', 'Dolor non aut expedita alias. Consequatur repellendus quia laudantium ipsam nobis quidem sit praesentium. Aspernatur magni sit maiores repellat. Ut voluptate doloribus explicabo maiores nam error quidem. Et illum ut totam voluptatem dolores deserunt.', 2, '2019-04-26 00:35:41', '2019-04-26 00:35:41'),
(41, 35, 'Jaime Hirthe PhD', 'Rem deserunt accusantium eum vero soluta velit. Libero autem exercitationem eveniet laboriosam nam. Culpa et rerum vero non molestias aut totam.', 1, '2019-04-26 00:35:41', '2019-04-26 00:35:41'),
(42, 28, 'Mr. Jess O\'Keefe MD', 'Autem officia ad quibusdam laboriosam et. Impedit labore voluptas tenetur. Est qui voluptate quis ipsum.', 5, '2019-04-26 00:35:41', '2019-04-26 00:35:41'),
(43, 3, 'Jess Harvey', 'Modi aut totam adipisci sequi molestiae nesciunt quam. Praesentium natus hic sint libero at vel tempora. Aut ab atque beatae alias reiciendis veritatis repellendus. Excepturi laborum neque eum dolor nihil placeat.', 0, '2019-04-26 00:35:41', '2019-04-26 00:35:41'),
(44, 7, 'Dr. Lucinda Gutmann V', 'Quia facere ipsa neque quaerat ut. Culpa dolorem quo qui eveniet id. Quia et magnam non enim ipsam iure sint.', 2, '2019-04-26 00:35:42', '2019-04-26 00:35:42'),
(45, 26, 'Moises Auer I', 'Nam quasi sed blanditiis vitae dolorem deserunt. Voluptatem rerum ad nihil exercitationem dicta esse quo. Numquam sit culpa aliquam illo explicabo neque.', 4, '2019-04-26 00:35:42', '2019-04-26 00:35:42'),
(46, 22, 'Cassie Bradtke', 'Voluptatem porro voluptas rerum et nihil quia. Impedit et quisquam esse occaecati magni amet. Praesentium fugit sint voluptatem.', 4, '2019-04-26 00:35:42', '2019-04-26 00:35:42'),
(47, 48, 'Maximo Bogan', 'Nisi similique illo possimus voluptatem. Exercitationem tenetur quia autem distinctio tempora pariatur nobis reprehenderit. Ratione aliquid et ab ipsam officia.', 5, '2019-04-26 00:35:42', '2019-04-26 00:35:42'),
(48, 20, 'Cyrus Stamm', 'Odio sed non vel nemo non pariatur. Numquam nam dolorem eum et distinctio atque fuga. Fugiat nihil sed numquam sit.', 1, '2019-04-26 00:35:42', '2019-04-26 00:35:42'),
(49, 14, 'Prof. Braulio Sauer V', 'Id pariatur voluptates sunt doloremque harum consequuntur vitae. Quasi necessitatibus non voluptas iure maxime ut quas. Et voluptatem dolor et nisi nam. Velit voluptas nostrum et dolores dolor eligendi eligendi voluptas.', 5, '2019-04-26 00:35:42', '2019-04-26 00:35:42'),
(50, 4, 'Geovanny Johnson', 'Quam saepe et illo sed nulla tempora. Nemo iste minus rerum officia aliquid eos. Autem quas sed aspernatur consequatur consequatur magnam. Ut voluptas animi eos praesentium sint expedita deserunt.', 4, '2019-04-26 00:35:42', '2019-04-26 00:35:42'),
(51, 47, 'Rebekah Doyle', 'Enim eius perspiciatis enim et qui aperiam et. Maxime est expedita fuga. Debitis consequatur exercitationem explicabo quidem rerum accusantium illum.', 4, '2019-04-26 00:35:42', '2019-04-26 00:35:42'),
(52, 27, 'Josiah Tremblay DVM', 'Quaerat dolorem dignissimos modi neque consequatur qui. Rerum officiis accusantium esse sed autem. Dolor commodi non placeat at. Omnis illo sit earum necessitatibus delectus eligendi.', 0, '2019-04-26 00:35:42', '2019-04-26 00:35:42'),
(53, 48, 'Kimberly Kling', 'Qui reprehenderit maiores assumenda blanditiis. Aut placeat dolor rerum et. Illum unde ex praesentium numquam et harum nihil. Et saepe provident suscipit nihil sapiente est.', 2, '2019-04-26 00:35:42', '2019-04-26 00:35:42'),
(54, 18, 'William McLaughlin IV', 'Placeat animi magni enim ipsam consequatur culpa quaerat. Voluptatum reprehenderit sapiente deserunt pariatur sit officia corrupti. Ullam illo labore quia qui recusandae vitae tenetur.', 3, '2019-04-26 00:35:42', '2019-04-26 00:35:42'),
(55, 12, 'Bethel Von', 'Quo molestiae maiores rerum voluptas voluptas et. Velit dolorem odit nihil unde voluptates officiis sequi. Laboriosam quae aut rerum veritatis. Voluptate corrupti omnis non perspiciatis nostrum consectetur fuga voluptatum.', 2, '2019-04-26 00:35:42', '2019-04-26 00:35:42'),
(56, 22, 'Dr. Edward Volkman', 'Ut non ipsum aliquid nulla. Sunt dolorum qui saepe sit sint libero deleniti. Omnis accusantium nulla et eveniet cumque labore officia.', 5, '2019-04-26 00:35:42', '2019-04-26 00:35:42'),
(57, 14, 'Antonette Quigley', 'Incidunt officia sint unde et sit. Debitis et voluptatem et et quo totam libero. Quis esse voluptatem deleniti vel harum aspernatur qui et. Molestiae ut qui molestiae dicta repudiandae at nihil.', 4, '2019-04-26 00:35:42', '2019-04-26 00:35:42'),
(58, 16, 'Roy Rice', 'Et deserunt eius perferendis corrupti officia est. Sunt itaque cum cupiditate cumque. Ipsa sit debitis est non necessitatibus et. Eos est praesentium eos consequatur repellendus deserunt consequuntur.', 4, '2019-04-26 00:35:43', '2019-04-26 00:35:43'),
(59, 44, 'Mr. Uriah Kub DVM', 'Porro quia et quia fuga id nulla nihil. Rerum libero hic laudantium non dolores. Minima maiores adipisci sunt dolor maxime voluptatibus. Possimus eius aut vitae inventore inventore perferendis dolorem corporis.', 1, '2019-04-26 00:35:43', '2019-04-26 00:35:43'),
(60, 16, 'Prof. Justyn Lang', 'Eum atque laborum voluptatem nobis id. Id fugiat quos veritatis et. Sed magnam et sit voluptas aut cupiditate voluptas voluptas. Molestiae sunt eius dicta fugiat eveniet ipsa cupiditate. Iusto tempore esse hic enim distinctio dolores aliquam.', 3, '2019-04-26 00:35:43', '2019-04-26 00:35:43'),
(61, 42, 'Alfredo Runte', 'Nihil qui facere temporibus est. Ea iusto maxime omnis excepturi. Necessitatibus reiciendis dolorem eos dolor.', 3, '2019-04-26 00:35:43', '2019-04-26 00:35:43'),
(62, 49, 'Mr. Don Smitham', 'Omnis ut veniam veritatis et. Rerum doloremque esse at minima. Id modi tempora ut nobis non dolore minus. Totam numquam cupiditate mollitia.', 5, '2019-04-26 00:35:43', '2019-04-26 00:35:43'),
(63, 9, 'Prof. Amelia Kuhlman', 'Dolorum et accusamus esse quasi sint. Aperiam minus omnis molestiae et quas. Cupiditate sunt nam est est sed.', 2, '2019-04-26 00:35:43', '2019-04-26 00:35:43'),
(64, 27, 'Prof. Elody Purdy', 'Expedita inventore rerum eaque quibusdam aut nostrum molestiae. Architecto omnis voluptatum voluptates est. Aliquid praesentium porro est enim delectus sed quasi. Rerum doloremque a eius quis et. Alias explicabo necessitatibus praesentium qui placeat ratione deleniti.', 1, '2019-04-26 00:35:43', '2019-04-26 00:35:43'),
(65, 21, 'Estevan Miller', 'Autem non velit fugiat consequatur animi. Voluptatum voluptatem qui eos optio qui ducimus cumque dolorem. Aliquam atque dolorem exercitationem aut harum esse. Aut non praesentium et ipsum quos non neque sit.', 0, '2019-04-26 00:35:43', '2019-04-26 00:35:43'),
(66, 20, 'Susie Predovic', 'Illo dolore omnis iure aut numquam est officia. Quis voluptates libero omnis. Id sit repellat nobis autem aliquam eius ratione eos.', 3, '2019-04-26 00:35:43', '2019-04-26 00:35:43'),
(67, 24, 'Brycen Kling', 'Dolorum voluptatum dolorem vitae non quam officiis praesentium. Occaecati ipsum ipsum exercitationem ad est animi pariatur. Id et voluptates dolor facere libero omnis magni. Rerum eos reiciendis ea quasi molestiae perspiciatis architecto.', 5, '2019-04-26 00:35:43', '2019-04-26 00:35:43'),
(68, 24, 'Liliana Hoeger', 'Hic voluptatem dignissimos aspernatur. Explicabo qui qui incidunt occaecati incidunt. Aperiam sunt numquam ratione animi sunt autem.', 2, '2019-04-26 00:35:43', '2019-04-26 00:35:43'),
(69, 27, 'Ezequiel Schneider', 'Velit excepturi perferendis non perspiciatis sit aut aut quidem. Quos ea eligendi dolore aliquam sint.', 4, '2019-04-26 00:35:43', '2019-04-26 00:35:43'),
(70, 2, 'Dr. Harmony Dach MD', 'Exercitationem pariatur non quia quaerat dolorem aliquam. Veniam consequatur et ut dicta qui maxime. Et omnis sit molestiae velit quis harum voluptatem.', 2, '2019-04-26 00:35:43', '2019-04-26 00:35:43'),
(71, 39, 'Dock Heidenreich', 'Porro quas qui velit rerum perspiciatis amet. Temporibus esse sint consequatur vel eius illum. Eveniet nihil architecto odio est quos. Sit doloremque provident autem ut sint debitis vel.', 4, '2019-04-26 00:35:43', '2019-04-26 00:35:43'),
(72, 31, 'Lambert Champlin', 'Expedita sapiente aut sapiente sit. In consequatur error consequatur nulla vel officiis iusto. Nulla nisi necessitatibus et numquam nisi autem. Doloribus laudantium eligendi quisquam. Et quos vero rerum facilis nulla.', 5, '2019-04-26 00:35:43', '2019-04-26 00:35:43'),
(73, 39, 'Tremaine Leannon', 'Velit minus earum molestiae qui deleniti. Harum esse eveniet unde aut est quis. In eos beatae tempore iste exercitationem similique praesentium cupiditate. Molestias nemo pariatur nostrum.', 2, '2019-04-26 00:35:43', '2019-04-26 00:35:43'),
(74, 10, 'Prof. Jaden Christiansen', 'Omnis neque earum voluptates culpa ut. Earum blanditiis commodi et voluptas a id corrupti.', 0, '2019-04-26 00:35:43', '2019-04-26 00:35:43'),
(75, 21, 'Mr. Alejandrin Effertz II', 'Aut consequuntur voluptate minima occaecati ipsum. Nostrum sed odit porro est perferendis a iste minus.', 5, '2019-04-26 00:35:43', '2019-04-26 00:35:43'),
(76, 39, 'Gardner Gibson PhD', 'Libero voluptas asperiores sed est ea rem laudantium. Nisi ut quis modi quo expedita. Quo quos id aperiam dolore mollitia omnis iusto.', 4, '2019-04-26 00:35:43', '2019-04-26 00:35:43'),
(77, 41, 'Dr. Caden Kunze I', 'Dolor est placeat dolorem dolor natus aut consequatur. Maiores ut deserunt dolor accusamus reiciendis quidem iure porro. Nulla dolore nihil dolorem ullam. Cum delectus mollitia harum possimus dolor veniam iusto architecto.', 4, '2019-04-26 00:35:44', '2019-04-26 00:35:44'),
(78, 39, 'Prof. Eugenia Bernier', 'Fuga saepe quam voluptas. Tempora est delectus aut et in quae occaecati. Corrupti nisi quia et sit ad ut quo. Vel inventore veniam dolore magni perferendis.', 3, '2019-04-26 00:35:44', '2019-04-26 00:35:44'),
(79, 17, 'Dr. Ernesto O\'Keefe', 'Quae aperiam dolorem quis aspernatur quam. Et ut quidem et maxime ipsam consectetur.', 1, '2019-04-26 00:35:44', '2019-04-26 00:35:44'),
(80, 28, 'Annabelle Predovic', 'Qui delectus labore dolorum et voluptates pariatur. Corrupti omnis itaque natus cupiditate. Ipsam repellendus ut repellendus iusto.', 4, '2019-04-26 00:35:44', '2019-04-26 00:35:44'),
(81, 10, 'Chaz Heathcote II', 'Maxime ut et accusantium ut ut tempora. Voluptas illo perferendis culpa fugit. Tempore ratione suscipit in.', 3, '2019-04-26 00:35:44', '2019-04-26 00:35:44'),
(82, 6, 'Ayana Murray', 'Dicta suscipit fugiat enim natus quibusdam fugiat reiciendis. Non eos eius nisi suscipit perferendis voluptatem quia aut. Quasi reprehenderit qui et officiis repudiandae.', 2, '2019-04-26 00:35:44', '2019-04-26 00:35:44'),
(83, 46, 'Dr. Mona Douglas III', 'Exercitationem consequatur eligendi asperiores quasi consequatur eveniet. Ut eveniet neque sed totam. Deserunt maiores sequi voluptas aliquid sit soluta omnis. Consectetur ut praesentium est quam voluptatibus molestias quo enim. Ipsam eos animi est facere.', 0, '2019-04-26 00:35:44', '2019-04-26 00:35:44'),
(84, 38, 'Russ Ortiz', 'In sed quia consequuntur et facilis aliquid quis. Culpa sapiente accusamus excepturi dolorum repudiandae. Dolor nulla quia similique ut sunt autem.', 5, '2019-04-26 00:35:44', '2019-04-26 00:35:44'),
(85, 45, 'Dr. Eileen Lakin PhD', 'Eos incidunt eos adipisci et molestias totam. Repudiandae quasi quia iste a et ut. Ab voluptate voluptas provident illo illum adipisci facilis. Dolorem fugiat quidem voluptatum quo nihil voluptas.', 4, '2019-04-26 00:35:44', '2019-04-26 00:35:44'),
(86, 21, 'Georgette Mueller', 'Tenetur sit nesciunt magnam accusantium explicabo officiis illo aut. Eos odio voluptatibus corporis repellendus commodi optio sit. Officiis velit suscipit enim rem esse vero libero.', 3, '2019-04-26 00:35:44', '2019-04-26 00:35:44'),
(87, 30, 'Alexane Turcotte', 'Nihil exercitationem dolor ab est iusto quas. Dolorum sed aspernatur et vitae. Incidunt provident sint in nulla aut impedit aut. Excepturi id dignissimos reiciendis aliquam qui voluptate quo.', 4, '2019-04-26 00:35:44', '2019-04-26 00:35:44'),
(88, 11, 'Thelma Nitzsche', 'Dolor est sapiente eum delectus esse. Est adipisci quidem possimus eum vero minus. Excepturi est sapiente commodi. Sed cupiditate deleniti sit ducimus aut eius ab aspernatur.', 0, '2019-04-26 00:35:44', '2019-04-26 00:35:44'),
(89, 40, 'Rebeka Grady', 'Dolorum non et et consectetur iure. Quas omnis dolorem velit vitae tenetur dolor. Quisquam nisi autem voluptatem minus.', 2, '2019-04-26 00:35:44', '2019-04-26 00:35:44'),
(90, 19, 'Garrick Dooley', 'Corrupti soluta nihil est quos recusandae illum. Quia aut qui voluptate dolores et ea. Itaque tenetur eos dolor.', 1, '2019-04-26 00:35:44', '2019-04-26 00:35:44'),
(91, 49, 'Bridget McClure', 'Aut quia facilis culpa. Ut et optio non maiores tempore. Temporibus inventore ipsa iste est commodi. Qui dolore et praesentium praesentium id odio.', 4, '2019-04-26 00:35:44', '2019-04-26 00:35:44'),
(92, 1, 'Deontae Kirlin', 'Inventore totam tempora voluptate dolore. Aut quos vitae eius est repudiandae reiciendis mollitia. Consequatur provident hic culpa voluptatum laboriosam et. Qui minima omnis qui voluptates earum. Amet qui est voluptatibus suscipit veniam.', 4, '2019-04-26 00:35:44', '2019-04-26 00:35:44'),
(93, 18, 'Stone Schmitt', 'Corrupti omnis explicabo nihil incidunt a et. Sed et aspernatur facilis autem. Ut blanditiis ipsa doloremque ut sit omnis omnis.', 3, '2019-04-26 00:35:44', '2019-04-26 00:35:44'),
(94, 37, 'Norwood Kessler', 'Nobis in quasi adipisci asperiores occaecati quia. Cumque perspiciatis fugit quia quos reiciendis possimus. Explicabo dignissimos vel quia.', 1, '2019-04-26 00:35:44', '2019-04-26 00:35:44'),
(95, 47, 'Alexandrea Torphy', 'Nam molestiae omnis labore. Ea et molestias dolores ea. Voluptate aut autem qui sint quia.', 4, '2019-04-26 00:35:44', '2019-04-26 00:35:44'),
(96, 17, 'Brendon Stoltenberg', 'Cumque minus magni molestiae doloremque consequatur ut. In nesciunt enim laboriosam dolore a quo. Illo quibusdam consectetur doloremque magnam quaerat tempora delectus.', 2, '2019-04-26 00:35:44', '2019-04-26 00:35:44'),
(97, 30, 'Treva Raynor', 'Repudiandae esse et voluptatem. Consequatur autem corporis sint numquam omnis expedita rerum aliquam. Eos culpa eos qui perspiciatis quis. Consequatur aut unde pariatur veritatis quidem.', 2, '2019-04-26 00:35:44', '2019-04-26 00:35:44'),
(98, 26, 'Sally Lynch', 'Soluta error non iure architecto. Unde ea aliquid nisi quae est mollitia ut. Corrupti consectetur eum blanditiis rerum id ex repellat. Rem ullam dolorem inventore velit.', 0, '2019-04-26 00:35:44', '2019-04-26 00:35:44'),
(99, 30, 'Dr. Milton Harber', 'Vel doloribus mollitia omnis doloremque et accusantium. Voluptates omnis adipisci ut sed. Enim voluptatibus delectus cupiditate nisi itaque et. Dolor ipsa inventore natus accusantium nemo.', 5, '2019-04-26 00:35:45', '2019-04-26 00:35:45'),
(100, 41, 'Jamison Hane', 'Ea sit porro ut sequi alias dolor similique. Possimus vitae sit neque sint distinctio ad aut. Iusto ullam suscipit eligendi veritatis dolor. Aliquid labore est et odio sint iure tenetur.', 4, '2019-04-26 00:35:45', '2019-04-26 00:35:45'),
(101, 49, 'Jordane Lockman', 'Nobis facilis porro soluta. Ab voluptas fugit ipsa et amet deleniti ut aut. Voluptatem alias molestiae sunt corporis explicabo maxime. Sapiente nulla neque soluta illum mollitia.', 1, '2019-04-26 00:35:45', '2019-04-26 00:35:45'),
(102, 5, 'Prof. Darien Thiel MD', 'Possimus consequatur officia et praesentium deleniti accusamus. Voluptatem recusandae nulla ut. Odio cupiditate inventore fugiat ipsam incidunt doloremque. Necessitatibus voluptate autem illo in.', 0, '2019-04-26 00:35:45', '2019-04-26 00:35:45'),
(103, 48, 'Lenore Schuppe DDS', 'Veritatis iusto beatae qui soluta hic. Nisi dolor vitae aut odio porro sit quia. Dolorem ut ducimus numquam praesentium ut amet est deleniti. Sed vel libero ut assumenda. Aliquam sit officia doloremque.', 2, '2019-04-26 00:35:45', '2019-04-26 00:35:45'),
(104, 16, 'Mr. Wilfrid Weissnat Sr.', 'Fugit architecto non harum. Est dicta incidunt consequatur deserunt quis. Facere delectus dolores consequatur aut. Earum mollitia facere temporibus velit praesentium.', 3, '2019-04-26 00:35:45', '2019-04-26 00:35:45'),
(105, 42, 'Miss Rosalia Beatty I', 'Ut laborum necessitatibus enim ut aliquam voluptatem itaque adipisci. Necessitatibus consequatur velit vero cum sed. Eos consectetur aliquam magni et veritatis nam. Molestiae fuga assumenda praesentium temporibus.', 5, '2019-04-26 00:35:45', '2019-04-26 00:35:45'),
(106, 7, 'Genesis Grimes', 'Est voluptatem non et dicta. Ut dolor recusandae a numquam sit consequatur atque dolores. Voluptatem rerum voluptas est beatae.', 5, '2019-04-26 00:35:45', '2019-04-26 00:35:45'),
(107, 17, 'Mr. Geovanni Veum', 'Similique rerum et magni sed. Assumenda accusantium iure et est aut similique.', 2, '2019-04-26 00:35:45', '2019-04-26 00:35:45'),
(108, 40, 'Kiel Rice', 'Excepturi sint fugiat ducimus officiis et. Laboriosam non doloribus aliquam consectetur. Suscipit sit aliquid voluptatem eum doloremque numquam voluptatibus quo. Iure voluptatem est amet aliquam.', 2, '2019-04-26 00:35:45', '2019-04-26 00:35:45'),
(109, 49, 'Dr. Juvenal Lubowitz IV', 'Autem nostrum voluptatem quis et et quo est. Magni dolores rem dolorem non minus quis molestiae voluptas. Est expedita modi perspiciatis eum quibusdam. Illum dolores quia quod laborum.', 4, '2019-04-26 00:35:45', '2019-04-26 00:35:45'),
(110, 4, 'Miss Minnie Hamill', 'Voluptatem molestiae eligendi tenetur distinctio quasi repellat voluptatum et. Earum vitae quibusdam dolorem et nobis illum tenetur eos. Aperiam ut voluptate est numquam dolorem iste. Consequuntur explicabo in nulla. Distinctio corporis ex adipisci optio.', 2, '2019-04-26 00:35:45', '2019-04-26 00:35:45'),
(111, 13, 'Ulices Shanahan', 'Repellat et beatae voluptas sed omnis quis ea. Magnam laboriosam voluptatibus quia beatae quaerat eum ratione sequi. Aut omnis nam consequatur numquam praesentium sint suscipit. Accusamus aperiam repudiandae debitis non quia occaecati quasi sed.', 4, '2019-04-26 00:35:45', '2019-04-26 00:35:45'),
(112, 26, 'Brain Waelchi', 'Ipsum labore cumque dolorem molestiae est sed sed. Quia itaque labore et quaerat quis. Laboriosam est ut aut dicta. Cum aliquam sunt esse libero error non numquam occaecati.', 5, '2019-04-26 00:35:45', '2019-04-26 00:35:45'),
(113, 47, 'Prof. Bertrand Auer II', 'Illo rerum aut eaque. Quo voluptatum ipsam molestiae repellendus. Alias eum voluptatum odio reiciendis. Laborum dolor nulla incidunt eum. Praesentium reiciendis corporis nihil porro et rerum.', 0, '2019-04-26 00:35:45', '2019-04-26 00:35:45'),
(114, 5, 'Allen Renner', 'Dolores sit nobis iste occaecati totam nemo. Aliquid quos unde autem laboriosam. Sit nobis aliquam dolorem rem mollitia nisi. Expedita excepturi voluptatem eveniet labore.', 1, '2019-04-26 00:35:45', '2019-04-26 00:35:45'),
(115, 20, 'Juanita Macejkovic II', 'Quis voluptate natus distinctio ad eum sed. Sed non voluptatem at quo nam quis. Cum nihil cum non alias delectus quo labore dolorem.', 0, '2019-04-26 00:35:45', '2019-04-26 00:35:45'),
(116, 27, 'Jaida Wilderman Jr.', 'Consectetur deleniti quia voluptatibus nostrum. In ullam consequuntur molestiae. Ea fugiat deserunt dignissimos. Architecto aut eum iusto.', 3, '2019-04-26 00:35:45', '2019-04-26 00:35:45'),
(117, 20, 'Mr. Darwin Smith', 'Aut optio dolor cumque quia nam. Excepturi est id at quia possimus. Dolor minus deleniti atque temporibus voluptates consectetur porro.', 0, '2019-04-26 00:35:45', '2019-04-26 00:35:45'),
(118, 1, 'Sally Steuber', 'Et cupiditate et aliquid. Molestiae sit quia autem eligendi architecto. Similique aperiam praesentium aspernatur corrupti est. Sint dolores id voluptatum qui voluptatem et sint.', 0, '2019-04-26 00:35:46', '2019-04-26 00:35:46'),
(119, 9, 'Raoul Goodwin Jr.', 'Ut et quis voluptate accusamus quibusdam ratione et. Impedit nulla illo numquam culpa et et rerum. Eius cumque corporis nihil minima dolorem repellendus minima itaque.', 3, '2019-04-26 00:35:46', '2019-04-26 00:35:46'),
(120, 41, 'Bertha Kunze', 'Eum aut quo aperiam harum. Nemo molestias dolores expedita et facilis. Velit porro aliquam nam. Voluptatem officiis omnis consequatur.', 4, '2019-04-26 00:35:46', '2019-04-26 00:35:46'),
(121, 3, 'Bradford Boyer', 'Ab odio dolorum optio delectus consequatur modi aut. Vitae ea dicta dolore rerum pariatur. Voluptatem laboriosam eligendi enim et.', 3, '2019-04-26 00:35:46', '2019-04-26 00:35:46'),
(122, 25, 'Melba Senger', 'Dicta itaque autem rerum et et cupiditate voluptas delectus. Facilis incidunt consequatur dolorem nesciunt optio tempora. Quia rerum inventore dolores fugit beatae id quibusdam nemo. Cum ipsam voluptatem recusandae incidunt. Quis error architecto dolor.', 4, '2019-04-26 00:35:46', '2019-04-26 00:35:46'),
(123, 37, 'Cloyd Kub', 'Et ducimus et soluta soluta et facilis. Odio voluptatem id odit unde neque necessitatibus voluptas. Aut dolor repellat et quis aperiam.', 0, '2019-04-26 00:35:46', '2019-04-26 00:35:46'),
(124, 6, 'Sadye Leannon', 'Iure harum quae voluptate qui. Perferendis culpa doloribus deserunt consectetur. Et ea ut rerum aut.', 4, '2019-04-26 00:35:46', '2019-04-26 00:35:46'),
(125, 30, 'Prof. Rolando Howell PhD', 'Unde perferendis sunt et distinctio. Voluptatem facilis ut et fuga ipsa rerum sunt. Repellat officia voluptatibus sed sit est ad et. Quidem iste est harum ut dolores.', 5, '2019-04-26 00:35:46', '2019-04-26 00:35:46'),
(126, 17, 'Clement Johnston', 'Aut saepe ut nobis nostrum non mollitia assumenda. Minus corporis alias eos ea dolorum. Maxime aperiam a enim.', 3, '2019-04-26 00:35:46', '2019-04-26 00:35:46'),
(127, 2, 'Oswald Bode', 'Aut quidem possimus quis natus ullam non. Quia rerum dignissimos nemo sapiente ex. Illo quae aliquam ut.', 3, '2019-04-26 00:35:46', '2019-04-26 00:35:46'),
(128, 22, 'Rhett Veum', 'Sunt explicabo est pariatur optio sit ut. Exercitationem velit iusto molestiae est et. Doloribus iste molestiae soluta dolore nihil.', 2, '2019-04-26 00:35:46', '2019-04-26 00:35:46'),
(129, 37, 'Emmett Kunde DDS', 'Delectus doloremque sit quia ut iure et est. Placeat in blanditiis est voluptatibus. Non alias dolore quia ea earum et. Quis tenetur pariatur excepturi est temporibus ex repellat.', 5, '2019-04-26 00:35:46', '2019-04-26 00:35:46'),
(130, 29, 'Prof. Joaquin Macejkovic PhD', 'Velit qui quia laborum voluptas. Nesciunt rem dolor ut repellendus et totam et nihil. Consequatur dolorem fugiat quia id sed excepturi.', 3, '2019-04-26 00:35:46', '2019-04-26 00:35:46'),
(131, 37, 'Dr. Shaun Orn DVM', 'Qui enim consectetur vel exercitationem quidem. Placeat eos rerum illum vitae rerum qui. Voluptatem deserunt dolorem fugiat. Tenetur cum ratione minima et.', 1, '2019-04-26 00:35:46', '2019-04-26 00:35:46'),
(132, 10, 'Krystel Bogan PhD', 'Eveniet aut hic laudantium dolorem molestias. Aliquam excepturi tenetur esse dolor consectetur. Quia pariatur eum aut similique est quia vitae quia.', 2, '2019-04-26 00:35:46', '2019-04-26 00:35:46'),
(133, 18, 'Pearlie McDermott', 'Earum consequatur quo reiciendis. Dolor libero minus atque deleniti eos consequuntur. Amet ut quia amet. Distinctio minus et qui magni.', 0, '2019-04-26 00:35:46', '2019-04-26 00:35:46'),
(134, 18, 'Prof. Eli Russel Sr.', 'Qui id ullam tempora hic doloribus. Exercitationem porro odio velit asperiores eaque eveniet. Cumque soluta explicabo omnis neque ipsum. Consequatur atque et et et quis doloribus.', 3, '2019-04-26 00:35:46', '2019-04-26 00:35:46'),
(135, 5, 'Lamont Kshlerin', 'Occaecati harum dolores harum et praesentium. Sit consequuntur cum dignissimos nostrum tempore fugit repellat. Dolor in veniam est ullam consequatur et exercitationem. Mollitia eaque impedit consectetur exercitationem tempora.', 3, '2019-04-26 00:35:47', '2019-04-26 00:35:47'),
(136, 21, 'Gerard Davis V', 'Ad nisi voluptatibus nam corporis qui dolorem. Voluptatem debitis pariatur esse esse eum. Animi animi aperiam ut dolor minus ut. Amet ad esse quas consequatur.', 4, '2019-04-26 00:35:47', '2019-04-26 00:35:47'),
(137, 29, 'Lesly Koelpin', 'Porro assumenda aut consequatur sunt doloribus officiis qui. Quos officia impedit rerum ex vero. Cum vero at reprehenderit officia. Perspiciatis voluptatum placeat quod ut aut at quidem in.', 5, '2019-04-26 00:35:47', '2019-04-26 00:35:47'),
(138, 17, 'Mrs. Josephine Cummerata II', 'Porro illo soluta minus amet expedita. Animi accusantium itaque labore quisquam iure. Quas quia voluptatum non non fugiat molestiae rerum.', 3, '2019-04-26 00:35:47', '2019-04-26 00:35:47'),
(139, 25, 'Pinkie Hodkiewicz', 'Cupiditate enim nulla excepturi reprehenderit rerum enim. Voluptatem veritatis libero at excepturi inventore. Suscipit quis non placeat. Saepe hic eum ratione earum quas doloremque rem. Nesciunt cupiditate quia ducimus voluptatem.', 5, '2019-04-26 00:35:47', '2019-04-26 00:35:47'),
(140, 27, 'Ozella Hansen', 'Laborum laboriosam non nulla vel aut iusto omnis voluptatem. Commodi rem minus non ut. Cum iste occaecati provident inventore magnam quia. Enim incidunt eaque omnis omnis qui nesciunt.', 4, '2019-04-26 00:35:47', '2019-04-26 00:35:47'),
(141, 7, 'Anne Blick', 'Nostrum veniam sed veritatis excepturi sed placeat est. Quas quo cum ea aliquam et neque. Ipsa quasi harum est nemo exercitationem. Beatae maxime omnis nulla delectus.', 3, '2019-04-26 00:35:47', '2019-04-26 00:35:47'),
(142, 2, 'Prof. Destin Baumbach', 'Non accusantium aspernatur modi itaque quisquam. Aliquam harum laudantium veniam unde non neque. Qui ad porro earum dolore fuga ea. Qui vero nam illum.', 2, '2019-04-26 00:35:47', '2019-04-26 00:35:47'),
(143, 43, 'Dr. Eleanora Hansen', 'Non odit molestiae molestiae consequatur veritatis. Sint fuga sapiente iusto reiciendis quis odit id voluptatum. Voluptates magnam dicta vel ea nostrum. Perspiciatis eos tenetur et tempore accusamus eveniet et.', 0, '2019-04-26 00:35:47', '2019-04-26 00:35:47'),
(144, 36, 'Karolann Hettinger', 'A odit blanditiis quo id porro. Cumque minus voluptatem et. Debitis soluta aut repudiandae voluptas ducimus. Illo necessitatibus voluptas vitae optio minus.', 2, '2019-04-26 00:35:47', '2019-04-26 00:35:47'),
(145, 41, 'Saul Lebsack Jr.', 'Eos id velit voluptatem quibusdam provident. Saepe velit rem sunt modi sint est odio. Repellat quaerat iusto aspernatur dolorem. Fugiat et est officiis possimus.', 1, '2019-04-26 00:35:47', '2019-04-26 00:35:47'),
(146, 11, 'Prof. Danyka Williamson Jr.', 'Culpa fuga saepe saepe quibusdam voluptatum ipsa impedit. Provident ex laboriosam expedita voluptatem. Eveniet aut enim blanditiis error perferendis quod laborum est. Ut ratione molestiae impedit et.', 2, '2019-04-26 00:35:47', '2019-04-26 00:35:47'),
(147, 29, 'Dr. Nelda Sanford MD', 'Quo delectus ut cupiditate fugit quod. Voluptas nihil deleniti amet consequatur sed incidunt. At nostrum quidem quidem enim incidunt. Consequuntur earum deserunt veniam velit expedita unde at.', 5, '2019-04-26 00:35:47', '2019-04-26 00:35:47'),
(148, 30, 'Mrs. Lera Hackett', 'Quas qui temporibus autem qui tenetur facilis. Cupiditate neque enim eos deserunt occaecati. Sequi aut cupiditate et reiciendis harum. Dolores sit ex repellat in doloribus pariatur.', 5, '2019-04-26 00:35:47', '2019-04-26 00:35:47'),
(149, 44, 'Mr. Allen Johnson MD', 'Illum molestiae qui ea iste nemo quidem sint. Ullam cupiditate excepturi nihil qui ab enim. A et sit numquam eius eaque reiciendis.', 3, '2019-04-26 00:35:47', '2019-04-26 00:35:47'),
(150, 33, 'Salma Quitzon', 'Animi est aut temporibus quia voluptates. Autem numquam deserunt unde et dicta ea.', 2, '2019-04-26 00:35:48', '2019-04-26 00:35:48'),
(151, 25, 'Manley Turner', 'Omnis aut saepe aspernatur quo quia corporis. Nulla ducimus sunt at. Sit non soluta exercitationem iure unde. Distinctio nobis non et.', 0, '2019-04-26 00:35:48', '2019-04-26 00:35:48'),
(152, 18, 'Abigale Runte', 'Ut sapiente minima omnis. Blanditiis commodi unde sit consequuntur. Voluptatem aut facilis quia tempore quod. Dolores in ut autem officia. Atque praesentium ducimus asperiores perferendis.', 3, '2019-04-26 00:35:48', '2019-04-26 00:35:48'),
(153, 39, 'Ms. Destinee Marvin', 'Quia amet quo magni similique omnis voluptate. Perferendis voluptatem qui accusantium error numquam qui. Architecto quidem deleniti voluptas ad. Omnis aut culpa eum labore sed in ipsum.', 4, '2019-04-26 00:35:48', '2019-04-26 00:35:48'),
(154, 49, 'Krystina Shields Jr.', 'Voluptatibus rerum id eum laborum enim culpa. Quisquam nulla delectus distinctio. Ex qui quia numquam et commodi aut rerum.', 1, '2019-04-26 00:35:48', '2019-04-26 00:35:48'),
(155, 6, 'Estella Schinner Sr.', 'Ratione iusto dolores laboriosam nemo eum. Autem numquam qui minima et. Voluptatum dolor sequi omnis non quis quidem expedita. Omnis ullam sit omnis nemo delectus.', 5, '2019-04-26 00:35:48', '2019-04-26 00:35:48'),
(156, 16, 'Prof. Orin Lubowitz DDS', 'Voluptas architecto reiciendis dolores et. Occaecati ut qui iusto est nisi est. Qui possimus dolorem aliquid a non. Ut in in nihil.', 1, '2019-04-26 00:35:48', '2019-04-26 00:35:48'),
(157, 44, 'Annie Steuber', 'Quo aspernatur dignissimos labore sit tempora quibusdam ex sit. Omnis inventore possimus consectetur dicta quae ut ea. Eos consequuntur atque aliquid perspiciatis et mollitia. Sapiente veritatis perspiciatis explicabo vel velit nulla numquam et.', 2, '2019-04-26 00:35:48', '2019-04-26 00:35:48'),
(158, 11, 'Mrs. Ocie Jakubowski', 'Dignissimos fuga sunt labore voluptatem esse rerum repudiandae. Quia id non et nihil. Velit sint est eveniet provident.', 2, '2019-04-26 00:35:48', '2019-04-26 00:35:48'),
(159, 12, 'Sandrine Gorczany Jr.', 'Accusantium sequi distinctio iure illum deleniti sit minima. Quo voluptatum autem inventore doloremque quia sapiente.', 0, '2019-04-26 00:35:48', '2019-04-26 00:35:48'),
(160, 10, 'Prof. Davin Kihn Sr.', 'Perferendis aut maiores placeat consequatur rem non. Nobis et a nam sint. Cum voluptatum facilis nulla iure aperiam nam mollitia.', 5, '2019-04-26 00:35:48', '2019-04-26 00:35:48'),
(161, 17, 'Destany Wolff', 'Exercitationem odio quam aut eligendi impedit molestiae dolorem. Aliquid ratione ut eum et. Aut dolor sunt ut vel nisi tenetur. Alias porro suscipit est esse.', 0, '2019-04-26 00:35:48', '2019-04-26 00:35:48'),
(162, 47, 'Luis Vandervort', 'Quis quisquam quam reprehenderit beatae. Autem expedita molestias dolor et eum. Libero dolorem molestiae libero mollitia ipsa sint tenetur.', 2, '2019-04-26 00:35:48', '2019-04-26 00:35:48'),
(163, 25, 'Camren O\'Conner', 'Aut itaque autem unde facere qui. Cumque voluptates itaque eius omnis harum sit distinctio. Cum quaerat dolor et suscipit. Qui odit maxime dolorem qui aut ea harum.', 2, '2019-04-26 00:35:48', '2019-04-26 00:35:48'),
(164, 23, 'Catalina Reilly', 'Aliquid provident provident perspiciatis sit corrupti et. Perspiciatis eum qui animi doloribus. Minus labore aut aliquam.', 4, '2019-04-26 00:35:49', '2019-04-26 00:35:49'),
(165, 6, 'Dr. Brock Strosin II', 'Sint est magni molestias occaecati nulla quos. Et praesentium aut tenetur impedit illum. Quam aut fugit iure nisi aliquam voluptatem inventore.', 5, '2019-04-26 00:35:49', '2019-04-26 00:35:49'),
(166, 1, 'Ms. Ara Braun', 'Velit sapiente dolores corrupti dolorem excepturi qui. Ut qui eveniet unde maxime fugit fugit.', 2, '2019-04-26 00:35:49', '2019-04-26 00:35:49'),
(167, 34, 'Prof. Norene Bode IV', 'Est sed ducimus architecto sapiente voluptatem laudantium omnis. Aut inventore fugit soluta non sed omnis numquam minima. Quis deserunt voluptas consequatur odio qui. Culpa ut modi est vitae est iusto. Velit enim quaerat tempora ut et.', 2, '2019-04-26 00:35:49', '2019-04-26 00:35:49'),
(168, 40, 'Alexander Schmitt', 'Consequatur aspernatur assumenda qui autem ut illo. Neque est ea nesciunt eveniet est nulla similique. Voluptates ea et enim perferendis.', 4, '2019-04-26 00:35:49', '2019-04-26 00:35:49'),
(169, 9, 'Prof. Yessenia Upton PhD', 'Velit dolores sed tenetur et rerum ipsam. Fugit impedit et reprehenderit aliquid earum. Dolorem nostrum similique nobis beatae similique omnis hic. Et vitae ut labore commodi animi qui.', 4, '2019-04-26 00:35:49', '2019-04-26 00:35:49'),
(170, 33, 'Vernon West', 'Aspernatur perspiciatis voluptates sit accusamus sit illum quia. Et commodi ipsa facere possimus perferendis voluptatem accusamus. Unde voluptatem cupiditate et ducimus qui.', 3, '2019-04-26 00:35:49', '2019-04-26 00:35:49'),
(171, 9, 'Amani Parisian Sr.', 'Quibusdam possimus et est a. Voluptatibus voluptatum numquam eos non.', 4, '2019-04-26 00:35:49', '2019-04-26 00:35:49'),
(172, 44, 'Prof. Mathew Rogahn Jr.', 'Debitis distinctio facilis pariatur est. Minus sit fugiat ipsa quia quo veritatis reiciendis. Voluptates sit aut aperiam quia at ut deleniti. Odit facilis suscipit ex id enim ea corrupti id.', 5, '2019-04-26 00:35:49', '2019-04-26 00:35:49'),
(173, 8, 'Urban Thompson', 'Et nisi incidunt labore suscipit natus illo dolorem. Sed ratione omnis ratione et provident cupiditate. Fugit laborum illo ut. Dolorem incidunt omnis maxime.', 0, '2019-04-26 00:35:49', '2019-04-26 00:35:49'),
(174, 2, 'Jaylen Brekke DDS', 'Tempore sed eum facere iusto est explicabo dicta qui. Sapiente et alias ut minima dolor sequi voluptas veritatis. Et eos doloremque vel sunt laborum. Quia quia molestias dolorem blanditiis consectetur.', 2, '2019-04-26 00:35:49', '2019-04-26 00:35:49'),
(175, 39, 'Madelyn Maggio DVM', 'Voluptate minima iure voluptas similique maxime dolor illo voluptas. Dolorem vero sit cupiditate voluptates et quia distinctio. Aliquam quasi debitis vel ipsum repellendus. Sit ex molestias et error dignissimos vel dolorem. Voluptatem impedit quaerat velit quia qui non possimus.', 0, '2019-04-26 00:35:49', '2019-04-26 00:35:49'),
(176, 49, 'Chase Hermiston', 'Sed blanditiis est itaque dolorem. Qui dolor distinctio qui natus quidem. Explicabo et aliquam nesciunt rerum ducimus.', 3, '2019-04-26 00:35:49', '2019-04-26 00:35:49'),
(177, 47, 'Gladys Denesik', 'Nesciunt odit nulla molestiae. Praesentium dicta earum et. Tenetur nemo rerum aut necessitatibus natus.', 2, '2019-04-26 00:35:49', '2019-04-26 00:35:49'),
(178, 23, 'Gregorio Erdman', 'Quis odit quis voluptas modi. Nulla et facere enim dignissimos pariatur qui voluptatum. Facere molestiae voluptatum quia. Doloribus possimus fugiat laboriosam nihil.', 3, '2019-04-26 00:35:50', '2019-04-26 00:35:50'),
(179, 35, 'Dr. Braeden Hilpert MD', 'Consequatur est et saepe nulla autem dolor. Culpa reprehenderit sapiente maxime non error id iure ipsum. Velit ad recusandae qui quo ipsam voluptas eos dolorum.', 4, '2019-04-26 00:35:50', '2019-04-26 00:35:50'),
(180, 13, 'Lamont Klein', 'Esse omnis mollitia assumenda voluptates quis temporibus. Perferendis nihil sunt aut culpa dolor reprehenderit. Ut est et ut architecto.', 5, '2019-04-26 00:35:50', '2019-04-26 00:35:50'),
(181, 17, 'Marjorie Nikolaus DVM', 'Sit voluptatem aliquam delectus cum pariatur vel non qui. Fuga a corporis voluptas vero cumque aut est voluptatem. Ut ut ratione dicta placeat. Eveniet ex sapiente maiores sunt sit ut ut.', 1, '2019-04-26 00:35:50', '2019-04-26 00:35:50'),
(182, 41, 'Carmelo Lowe', 'Corporis labore voluptate libero omnis. Sapiente quia dolorum quasi aut et dicta consectetur a. Aut quos incidunt in numquam quos nisi vel.', 1, '2019-04-26 00:35:50', '2019-04-26 00:35:50'),
(183, 15, 'Orlando Durgan', 'Perferendis rerum impedit molestias nemo corporis corrupti. Voluptatem aut ipsa molestiae. Quis maxime sapiente cupiditate cumque. Qui consequatur dolorum modi corrupti.', 4, '2019-04-26 00:35:50', '2019-04-26 00:35:50'),
(184, 31, 'Oscar Volkman', 'Debitis aut minima est hic id. Ipsum aut consequuntur sed quas perferendis aut. Perferendis facilis aut qui a. Esse consequatur voluptates nulla illum quisquam est laboriosam.', 3, '2019-04-26 00:35:50', '2019-04-26 00:35:50'),
(185, 20, 'Edgar Murphy', 'Minus voluptatem temporibus repudiandae qui. Animi alias quia nobis libero aut non. Et facilis esse fugit nemo voluptatem consequatur.', 4, '2019-04-26 00:35:51', '2019-04-26 00:35:51'),
(186, 30, 'Rosamond Runte', 'Voluptatibus aperiam iste qui aperiam veniam et aspernatur. Animi vel ut possimus. Et perferendis deleniti expedita ipsam pariatur laborum.', 4, '2019-04-26 00:35:51', '2019-04-26 00:35:51'),
(187, 5, 'Dr. Devonte Nitzsche', 'Est nam blanditiis ea explicabo. Animi eum maxime non fugiat. Dicta magni sint nulla alias corrupti eligendi culpa.', 4, '2019-04-26 00:35:51', '2019-04-26 00:35:51'),
(188, 6, 'Name Russel', 'Quidem cupiditate rerum ipsum expedita. Sed voluptas officia et placeat consequatur a labore dignissimos. Quia quasi tempora enim similique et. Expedita ea delectus voluptatibus ratione.', 1, '2019-04-26 00:35:51', '2019-04-26 00:35:51'),
(189, 3, 'Jett Ondricka', 'Et sint eum aliquid beatae provident. Et ut sapiente rem ut animi. Enim est consequatur quia optio eaque ut. Dolorem quae et in.', 3, '2019-04-26 00:35:51', '2019-04-26 00:35:51'),
(190, 44, 'Ms. Leatha Hodkiewicz DDS', 'Quisquam natus consequatur ipsa ut voluptatem reiciendis neque. Maiores enim similique odio nam deserunt illum ex. Reprehenderit atque quia accusantium neque. Ut minus excepturi magni aut nostrum quia.', 1, '2019-04-26 00:35:51', '2019-04-26 00:35:51'),
(191, 5, 'Louvenia Kris', 'Sit voluptatum aspernatur ut perferendis corrupti quibusdam. Ut sint explicabo quia voluptatem consequuntur. Odit quia autem pariatur necessitatibus nobis. Sint nisi rem reiciendis quae.', 2, '2019-04-26 00:35:51', '2019-04-26 00:35:51'),
(192, 49, 'Mohamed Streich', 'Nulla vero molestiae sit. Reiciendis in ab est rerum eius. Error nesciunt et qui alias labore tenetur. Enim sapiente recusandae ab dolorum et.', 0, '2019-04-26 00:35:51', '2019-04-26 00:35:51'),
(193, 42, 'Prof. Deion Schaefer MD', 'Non tenetur amet dolore. Est nobis id quia maiores. Quam aut et sint aliquid pariatur. Ex qui et blanditiis dolor.', 2, '2019-04-26 00:35:51', '2019-04-26 00:35:51'),
(194, 26, 'Ms. Cathryn Murphy', 'Enim numquam omnis eaque mollitia. Debitis rem sapiente maxime blanditiis deleniti aut eligendi facilis. Corporis dolorem illum soluta reiciendis incidunt ut voluptatem saepe.', 1, '2019-04-26 00:35:51', '2019-04-26 00:35:51'),
(195, 40, 'Carolyne Hill', 'Excepturi ad officiis eius consequuntur. Magni doloremque dolore et aut at. Consequatur et nostrum rerum quibusdam in veniam qui. Inventore eos optio asperiores qui quaerat delectus totam laudantium.', 1, '2019-04-26 00:35:51', '2019-04-26 00:35:51'),
(196, 35, 'Miss Aubrey Weissnat DDS', 'Rem aperiam voluptate modi ullam id vero amet iure. Eligendi non quidem nihil molestiae necessitatibus molestiae dolorem. Cumque ab sed est accusantium. Iure error nemo mollitia sed aut voluptatibus qui. Quos labore voluptate voluptate rem asperiores nam porro.', 0, '2019-04-26 00:35:51', '2019-04-26 00:35:51'),
(197, 35, 'Kade Sauer', 'Laborum ea est molestiae a repellendus ullam. Ea quibusdam dolorum est dolore. Voluptatem suscipit voluptas ex ut. Nam voluptas officia id assumenda est.', 1, '2019-04-26 00:35:51', '2019-04-26 00:35:51'),
(198, 49, 'Mr. Forrest Effertz', 'Ab magni similique fugiat laborum et. Et quo est vitae quam sint vel unde. Unde placeat et animi totam praesentium provident reprehenderit.', 1, '2019-04-26 00:35:51', '2019-04-26 00:35:51'),
(199, 21, 'Kacie Brown', 'Minus harum tempore in ut veritatis rerum consequatur. Eum placeat est asperiores quos temporibus illo reprehenderit molestias. Quasi dolores occaecati expedita. Sunt quis ea maiores a. Soluta ut earum aut vitae commodi.', 2, '2019-04-26 00:35:52', '2019-04-26 00:35:52'),
(200, 50, 'Vivienne Stroman', 'Unde et non harum in facilis corporis. Voluptatum deserunt voluptatem ut veniam eos id ut. Qui voluptas ut earum non fugiat.', 0, '2019-04-26 00:35:52', '2019-04-26 00:35:52'),
(201, 11, 'Mossie Gleichner', 'Laudantium molestias dicta provident. Unde sed et unde et commodi quam. Neque repellat et quidem quia.', 5, '2019-04-26 00:35:52', '2019-04-26 00:35:52'),
(202, 45, 'Connie Homenick Jr.', 'Occaecati reiciendis nobis possimus excepturi. Velit corporis quibusdam distinctio enim animi rerum accusantium occaecati. Expedita occaecati nobis maiores dolor saepe. Veniam numquam illum sed et. Quis iure quam dolor et totam qui et.', 3, '2019-04-26 00:35:52', '2019-04-26 00:35:52'),
(203, 36, 'Mrs. America Heidenreich', 'Sint tempore mollitia hic velit tempore id et aperiam. Consequatur quaerat nemo deleniti quas sint et. Exercitationem animi velit illum et aliquid quam voluptatum.', 4, '2019-04-26 00:35:52', '2019-04-26 00:35:52'),
(204, 44, 'Jovany O\'Connell', 'Vel sapiente ipsam quo excepturi. Veniam ea quia odio quia dolorem. Ea illo ut porro est voluptas tempora voluptate. Fuga eos vel dolorem eligendi.', 4, '2019-04-26 00:35:52', '2019-04-26 00:35:52');
INSERT INTO `reviews` (`id`, `product_id`, `customer`, `review`, `star`, `created_at`, `updated_at`) VALUES
(205, 2, 'Don Graham', 'Consectetur tempora autem eos accusantium. Non quas sint iste veniam sint similique dolores. Consequatur voluptate eaque aut blanditiis reprehenderit. Eos corporis eum quod enim.', 0, '2019-04-26 00:35:52', '2019-04-26 00:35:52'),
(206, 12, 'Jerald Zemlak', 'Maiores quia ea et error ea eveniet quia quo. Exercitationem sit est et sit dolore ab voluptatem enim. Quo vero aut commodi soluta et sunt.', 3, '2019-04-26 00:35:52', '2019-04-26 00:35:52'),
(207, 27, 'Otis Mitchell', 'Consectetur officiis qui voluptate. Ullam in atque commodi qui ea consequuntur minima et. Beatae recusandae incidunt vel est. Quia natus natus inventore minus quis facilis quo illum.', 3, '2019-04-26 00:35:52', '2019-04-26 00:35:52'),
(208, 49, 'Prof. Lewis Bruen', 'Aut adipisci sed ab dolor. Asperiores minima dolorem accusamus et quis. Quia quod eos ducimus ut.', 1, '2019-04-26 00:35:52', '2019-04-26 00:35:52'),
(209, 13, 'Gregoria Bartoletti', 'Deleniti blanditiis ut amet doloribus est voluptates iusto omnis. Sed dolorem quibusdam delectus dolorum.', 2, '2019-04-26 00:35:52', '2019-04-26 00:35:52'),
(210, 23, 'Carmella Borer', 'Laborum recusandae a iste et repudiandae. Reiciendis distinctio saepe et quia fugiat molestias. Quam eligendi ratione mollitia harum. Consequatur vel quia fuga suscipit tempora. Non a quis ullam voluptas voluptatum.', 5, '2019-04-26 00:35:52', '2019-04-26 00:35:52'),
(211, 50, 'Mrs. Camylle Kuvalis', 'Neque accusantium qui recusandae ab est. Nam sit non voluptas eum molestiae. Est numquam in enim temporibus et soluta quaerat cumque.', 3, '2019-04-26 00:35:52', '2019-04-26 00:35:52'),
(212, 6, 'Thea Block', 'Omnis commodi veniam ab praesentium quo. Consectetur officiis vel dolor rerum quae. Excepturi magni aut ipsum autem aut. Est ipsa sunt saepe dolorum laboriosam consectetur.', 2, '2019-04-26 00:35:52', '2019-04-26 00:35:52'),
(213, 20, 'Miss Hollie Bode Sr.', 'Voluptas vitae facilis quas cum sit quod consectetur. Illo eos et inventore placeat blanditiis. Odio ad soluta labore sequi excepturi.', 4, '2019-04-26 00:35:52', '2019-04-26 00:35:52'),
(214, 9, 'Rodrick Gerlach', 'Quasi voluptatem numquam dignissimos quia. Accusamus incidunt accusantium architecto excepturi quasi. Sit qui et natus ut velit quod est. Ipsa est eaque debitis ipsam.', 5, '2019-04-26 00:35:52', '2019-04-26 00:35:52'),
(215, 37, 'Suzanne Bechtelar', 'Ut accusamus voluptates maxime expedita et molestiae eum debitis. Quis repudiandae impedit optio. Expedita vel sint expedita dolore est.', 1, '2019-04-26 00:35:52', '2019-04-26 00:35:52'),
(216, 19, 'Delta Yost', 'Sit deserunt et animi et nemo sequi ex. Et quia ut voluptatem molestias.', 4, '2019-04-26 00:35:52', '2019-04-26 00:35:52'),
(217, 19, 'Mariam Bernier', 'Voluptatum a quae delectus vero. Dolores voluptatem nesciunt debitis itaque quaerat nihil veritatis. Et quis hic rerum optio ut recusandae. Eum nulla possimus officiis veniam.', 0, '2019-04-26 00:35:52', '2019-04-26 00:35:52'),
(218, 7, 'Dr. Nathaniel Ortiz', 'Quia sunt voluptas ipsa praesentium exercitationem repellendus iusto. Reprehenderit et fuga eos ipsam at animi qui ut. Quisquam perspiciatis non vitae officia soluta.', 4, '2019-04-26 00:35:52', '2019-04-26 00:35:52'),
(219, 50, 'Osvaldo Fisher II', 'Nobis quae aliquam tenetur quae. Aut molestiae molestias omnis aliquam aut distinctio. Alias pariatur aspernatur aperiam et. Quis dolores fugit tempora eius corporis et. Sed quia rerum ea aut quidem dolor aut.', 1, '2019-04-26 00:35:53', '2019-04-26 00:35:53'),
(220, 14, 'Dr. Brannon Waelchi', 'Minima eum quos officia molestiae. Voluptatem sed distinctio vero ut et culpa consectetur. Recusandae laborum velit enim et vel explicabo aspernatur. Dicta quibusdam perspiciatis quaerat consequuntur dolorum at.', 5, '2019-04-26 00:35:53', '2019-04-26 00:35:53'),
(221, 43, 'Cecelia Little', 'Necessitatibus dolores porro tempora sed fugit. Ut fugit quia praesentium accusantium rerum. Et vel excepturi facilis est aut nihil sapiente laudantium.', 0, '2019-04-26 00:35:53', '2019-04-26 00:35:53'),
(222, 38, 'Bobby Mohr', 'Provident nihil aut inventore vitae. Molestiae praesentium possimus vel debitis eius consequatur velit. Facere porro voluptates rerum et suscipit et voluptatem beatae.', 1, '2019-04-26 00:35:53', '2019-04-26 00:35:53'),
(223, 7, 'Fatima Block V', 'Repudiandae pariatur dicta nulla. Labore delectus explicabo dolorem tempora. In provident magni id culpa occaecati fugiat veniam. Voluptatem aliquam quod numquam deleniti aperiam.', 0, '2019-04-26 00:35:53', '2019-04-26 00:35:53'),
(224, 17, 'Mrs. Elaina Wilkinson', 'Eos at et impedit blanditiis aut vitae quasi. Voluptas similique consequuntur temporibus ut sit laborum error. Tempora sit nesciunt sed hic quas sapiente. Quia molestiae repudiandae et et sit et sint.', 0, '2019-04-26 00:35:53', '2019-04-26 00:35:53'),
(225, 37, 'Jazlyn Mayer IV', 'Aliquam expedita tempore dolorem ullam voluptas beatae. Enim vitae quia porro. Quos provident mollitia debitis eius vero. Sunt saepe quae quasi nulla repudiandae nemo. Non culpa et veritatis placeat non similique voluptate.', 1, '2019-04-26 00:35:53', '2019-04-26 00:35:53'),
(226, 28, 'Mr. Edwin Crist DDS', 'Dolor voluptate sint corrupti. Corporis rem delectus quo ut tenetur unde rerum. Tempore facilis quam sint. Sed corrupti cumque voluptate pariatur placeat ab rem. Quis aut perspiciatis eaque consequatur labore et.', 1, '2019-04-26 00:35:53', '2019-04-26 00:35:53'),
(227, 28, 'Dr. Karlee Schiller MD', 'Delectus autem dicta voluptatibus porro cum numquam voluptas aut. Vero quaerat omnis quis atque.', 5, '2019-04-26 00:35:53', '2019-04-26 00:35:53'),
(228, 4, 'Deon Torphy PhD', 'Voluptates occaecati hic nisi debitis voluptas similique mollitia temporibus. Et fugiat sit id necessitatibus excepturi. Consequatur quis vitae est omnis ut sed. Enim minima repellendus laudantium quos est. Iure beatae sed ut vitae.', 4, '2019-04-26 00:35:53', '2019-04-26 00:35:53'),
(229, 30, 'Aileen Murazik PhD', 'Sint illo officia officia molestiae autem. Ut dolorem tempora sit natus assumenda occaecati et. Qui nihil qui sint corrupti odio veritatis.', 2, '2019-04-26 00:35:53', '2019-04-26 00:35:53'),
(230, 16, 'Lauretta Hintz', 'Consectetur totam sed adipisci mollitia. Dicta non aut quibusdam. Consequatur voluptates corrupti in rerum veritatis reprehenderit.', 3, '2019-04-26 00:35:53', '2019-04-26 00:35:53'),
(231, 44, 'Estefania Streich IV', 'Sed quidem reiciendis odit optio. Soluta ad nulla minus adipisci nisi animi. Et mollitia qui veritatis. Reiciendis quod reiciendis facilis nulla labore eligendi beatae.', 4, '2019-04-26 00:35:53', '2019-04-26 00:35:53'),
(232, 13, 'Hadley McClure', 'Nisi ut commodi sunt dolorum. Cupiditate dolorem hic molestiae assumenda molestiae architecto qui sed. Sapiente eius labore est nemo. Dolorum quasi ab asperiores aut mollitia.', 5, '2019-04-26 00:35:53', '2019-04-26 00:35:53'),
(233, 39, 'Dr. Lavern Crooks', 'Optio esse enim fuga et numquam rerum nihil. Nihil porro cum molestiae minima nisi nobis molestiae debitis. Enim tempore doloremque ipsa.', 3, '2019-04-26 00:35:53', '2019-04-26 00:35:53'),
(234, 35, 'Erna Goodwin', 'Ea adipisci ex voluptas quis quod. Animi commodi ea esse consectetur dolore maxime magnam impedit. Et magni non ab nisi quidem.', 2, '2019-04-26 00:35:53', '2019-04-26 00:35:53'),
(235, 39, 'Jerel Bins', 'Maxime blanditiis eaque nostrum ipsa quam. Voluptatem sequi ad vero voluptas rerum qui vitae dolorum. Id ex eius itaque earum.', 0, '2019-04-26 00:35:53', '2019-04-26 00:35:53'),
(236, 2, 'Brain Keebler', 'Quam numquam soluta dolores velit ducimus. Officia dolorem sit sequi eaque ipsam architecto.', 5, '2019-04-26 00:35:53', '2019-04-26 00:35:53'),
(237, 43, 'Ms. Abigale Hammes', 'Ut rerum maxime facere minima nihil sunt. Ullam ea iure laborum recusandae temporibus voluptate. Sed impedit perferendis voluptatem.', 4, '2019-04-26 00:35:54', '2019-04-26 00:35:54'),
(238, 12, 'Mr. Jamir Parisian MD', 'Illum qui cumque quisquam sunt. Ea similique veritatis pariatur autem. Dolor quis voluptate qui ut distinctio eligendi.', 3, '2019-04-26 00:35:54', '2019-04-26 00:35:54'),
(239, 16, 'Ebba Stokes', 'Soluta inventore nihil beatae earum. Ad eum eaque et et eos. Repellat suscipit atque et deleniti. Officia molestias fugit qui facilis.', 5, '2019-04-26 00:35:54', '2019-04-26 00:35:54'),
(240, 18, 'Shawn Ziemann IV', 'Dolores rerum ea saepe expedita reprehenderit est. Consectetur fugit odio aut aut cupiditate voluptatem. Distinctio vitae esse possimus id. Veritatis laborum soluta quo.', 2, '2019-04-26 00:35:54', '2019-04-26 00:35:54'),
(241, 37, 'Jarod Cole', 'Porro ut et laudantium quam minus. Et tempora dolorem aspernatur reprehenderit sunt molestias. Omnis delectus pariatur non voluptatum. Sunt quos nemo ad culpa amet tempore.', 3, '2019-04-26 00:35:54', '2019-04-26 00:35:54'),
(242, 18, 'Olga Huels', 'Sit id laborum nisi facere qui qui. Quo sequi ut saepe voluptatem nulla molestiae dolore. Qui porro culpa repudiandae laborum quia. In quia minus blanditiis reiciendis corrupti doloremque. Qui velit et magni eos aut impedit.', 2, '2019-04-26 00:35:54', '2019-04-26 00:35:54'),
(243, 36, 'Prof. Fern Bartell', 'Animi incidunt voluptatem rem animi. Error quo est laudantium nihil et aut autem.', 2, '2019-04-26 00:35:54', '2019-04-26 00:35:54'),
(244, 10, 'Ivy Kreiger', 'Odio architecto earum repudiandae quia soluta inventore laudantium beatae. Et quod quos sed. Illum voluptatem consequuntur ad reprehenderit autem.', 0, '2019-04-26 00:35:54', '2019-04-26 00:35:54'),
(245, 43, 'Jarod Little', 'Reprehenderit harum voluptatem sapiente deserunt sint recusandae. Consequuntur pariatur architecto explicabo laudantium qui et fugit. Aliquid aspernatur perspiciatis illo. Iure est et et ut.', 0, '2019-04-26 00:35:54', '2019-04-26 00:35:54'),
(246, 10, 'Theo Berge', 'Et in similique eligendi totam aut et. Quis non quia rerum ut reiciendis quo. Similique enim enim aut exercitationem quisquam.', 1, '2019-04-26 00:35:54', '2019-04-26 00:35:54'),
(247, 19, 'Jason Murphy', 'Velit culpa repellendus ea ut est. Est blanditiis doloremque quia non officiis nobis dignissimos. Quidem tenetur et fuga vel autem soluta. Maiores est officia quis in distinctio molestias.', 0, '2019-04-26 00:35:54', '2019-04-26 00:35:54'),
(248, 49, 'Miss Kasey Wilderman', 'Earum quam ea eaque eos error. Dolorem vitae illum laborum facilis eum ducimus.', 2, '2019-04-26 00:35:54', '2019-04-26 00:35:54'),
(249, 19, 'Mr. German Kulas DDS', 'Asperiores libero dolores in nulla sunt voluptatem. Deserunt qui ab nihil facilis rerum assumenda.', 3, '2019-04-26 00:35:54', '2019-04-26 00:35:54'),
(250, 10, 'Miss Brooke Bogan', 'Rerum quos velit corrupti aut at. Id deleniti non iste. Et veniam nihil est aperiam.', 2, '2019-04-26 00:35:54', '2019-04-26 00:35:54'),
(251, 3, 'Miss Destini Kiehn II', 'Impedit saepe unde quia doloribus. Sit sint odio quia laborum eos odit iste. Veritatis omnis voluptatem qui animi qui cumque quia.', 1, '2019-04-26 00:35:54', '2019-04-26 00:35:54'),
(252, 29, 'Angel Zieme', 'In aliquid eligendi et in voluptatem. Nostrum quos vero voluptas rerum quis suscipit. Omnis minima nam laborum. Veritatis veniam molestiae qui ut et.', 0, '2019-04-26 00:35:54', '2019-04-26 00:35:54'),
(253, 43, 'Wilfrid Fadel III', 'Sed voluptate deserunt facilis. Architecto eaque qui ea doloremque. Iste voluptas sit necessitatibus dolores vitae eum ea. Aut vel sed maxime dicta.', 1, '2019-04-26 00:35:54', '2019-04-26 00:35:54'),
(254, 13, 'Ernestine Rempel', 'Praesentium iste et expedita. Quos ut consectetur animi et. Nesciunt ea repudiandae ipsa assumenda. Quae earum alias sapiente vel dignissimos voluptatem.', 2, '2019-04-26 00:35:54', '2019-04-26 00:35:54'),
(255, 3, 'Clementina Stokes', 'Quis molestias aperiam velit eum consequatur illum corrupti. Distinctio nisi dolor dicta repellat. Et mollitia vel sequi nemo quia quis.', 2, '2019-04-26 00:35:54', '2019-04-26 00:35:54'),
(256, 5, 'Francesco Pagac', 'Totam non reprehenderit animi id cum perferendis. Nihil recusandae qui similique culpa.', 1, '2019-04-26 00:35:54', '2019-04-26 00:35:54'),
(257, 31, 'Dejuan Sipes', 'Qui quasi nemo dolores fuga voluptate quis eaque. Expedita rerum in qui numquam est ut aperiam.', 3, '2019-04-26 00:35:54', '2019-04-26 00:35:54'),
(258, 18, 'Irma Jacobs', 'Occaecati mollitia eum provident consequatur laborum dolor. Culpa velit laborum accusamus nostrum rerum provident ipsa quis. Velit quae labore vel aut blanditiis aut nobis.', 0, '2019-04-26 00:35:54', '2019-04-26 00:35:54'),
(259, 11, 'Prof. Elvis Flatley I', 'Qui ea enim inventore eos amet pariatur autem. Saepe voluptas soluta sunt exercitationem consequatur sint unde sunt. Quia eligendi modi enim ad maxime quaerat.', 1, '2019-04-26 00:35:55', '2019-04-26 00:35:55'),
(260, 30, 'Dr. Kyle Wiza DDS', 'Delectus nisi accusantium ea beatae perspiciatis. Amet commodi sequi distinctio animi rerum error placeat. Rem sit vel maxime eligendi praesentium provident officia.', 2, '2019-04-26 00:35:55', '2019-04-26 00:35:55'),
(261, 4, 'Noemi Bauch', 'Rerum officiis aut veniam ab perspiciatis hic voluptas. Exercitationem nostrum esse commodi qui mollitia. Adipisci et hic quo aut non sed.', 2, '2019-04-26 00:35:55', '2019-04-26 00:35:55'),
(262, 33, 'Prof. Tyrell Turcotte', 'Sed a expedita architecto. Doloremque ut omnis repellendus nesciunt eum dolor maxime. Corrupti ex voluptatem at praesentium. Fugiat exercitationem atque perferendis. Ut repudiandae sit corporis aut repellendus ea reiciendis.', 2, '2019-04-26 00:35:55', '2019-04-26 00:35:55'),
(263, 9, 'Miss Rubie Kris Jr.', 'Omnis commodi earum incidunt. Neque culpa earum officia autem expedita vero.', 4, '2019-04-26 00:35:55', '2019-04-26 00:35:55'),
(264, 40, 'Melisa Dooley III', 'Quia id quis ex et reprehenderit aut pariatur occaecati. Possimus ipsum vel quae quaerat et ducimus accusamus architecto. Voluptate omnis iure ad facere rem enim non quam.', 5, '2019-04-26 00:35:55', '2019-04-26 00:35:55'),
(265, 21, 'Ivah Gutkowski', 'Aut praesentium iure accusamus quia alias natus rerum. Itaque autem esse sed. Et odit ipsa id aut dolorem ipsam. Natus rerum aut ut est dolore eaque rem.', 2, '2019-04-26 00:35:55', '2019-04-26 00:35:55'),
(266, 14, 'Newton Huels', 'Qui iusto repellendus perspiciatis delectus facere sequi. Non quo totam laborum. Corrupti quasi rerum provident et esse commodi cumque accusamus. Voluptas ullam numquam numquam dolorem ipsam et.', 5, '2019-04-26 00:35:55', '2019-04-26 00:35:55'),
(267, 49, 'Marie Mohr', 'Dolorum ipsum perferendis molestias est aut natus. Nihil hic similique animi vitae est quod deleniti.', 4, '2019-04-26 00:35:55', '2019-04-26 00:35:55'),
(268, 13, 'Prof. Donnie Walker V', 'Nihil voluptas nostrum molestiae aut saepe. Quos nobis fugit omnis iure dolores similique. Repellendus aperiam sunt atque est suscipit sint ut. Est quibusdam architecto ut sapiente. Ratione aut aspernatur vitae tempora totam animi.', 2, '2019-04-26 00:35:55', '2019-04-26 00:35:55'),
(269, 36, 'Kaelyn Hettinger', 'Officiis id molestiae dignissimos. Ducimus sunt saepe ab occaecati. Saepe necessitatibus fugit quia velit ex autem voluptatem laudantium.', 5, '2019-04-26 00:35:55', '2019-04-26 00:35:55'),
(270, 39, 'Ms. Alessia McDermott', 'Voluptates sed qui in magni. Aut aliquam veritatis quia voluptatem. Quod ex quos ea aliquam aliquam. Vel doloremque unde cum tenetur totam voluptatem.', 2, '2019-04-26 00:35:55', '2019-04-26 00:35:55'),
(271, 45, 'Chauncey Wunsch', 'Dolorem asperiores labore dolor aut cumque numquam id. Placeat animi laboriosam quia eum. Ut praesentium et perferendis eos eos ex.', 0, '2019-04-26 00:35:55', '2019-04-26 00:35:55'),
(272, 26, 'Veda Kutch', 'Sed alias quod qui saepe ut ratione. Aut aut temporibus tempora et et veritatis. Alias enim aliquid molestiae.', 5, '2019-04-26 00:35:55', '2019-04-26 00:35:55'),
(273, 31, 'Erin Herzog', 'Ut repellendus nam unde nihil impedit quidem harum. Numquam quo et eos quos qui. Dignissimos eveniet doloremque autem facilis nihil atque.', 2, '2019-04-26 00:35:55', '2019-04-26 00:35:55'),
(274, 16, 'Prof. Lenore Lind', 'Dolorem blanditiis maiores exercitationem ut doloremque dolorum beatae. Ex assumenda beatae est fugit quos. Rerum dicta quidem ab nihil sint illo corporis.', 4, '2019-04-26 00:35:55', '2019-04-26 00:35:55'),
(275, 29, 'Hardy Bernhard Sr.', 'Rerum voluptas quam ipsa debitis dolorem. Dolorem velit consequatur molestiae molestias vero reiciendis aut. Magnam consequatur explicabo eius velit eos in.', 0, '2019-04-26 00:35:55', '2019-04-26 00:35:55'),
(276, 16, 'Brenna Jones', 'Ab asperiores quaerat deserunt. Qui id ea dolor. Aut accusamus nisi dolor. Voluptates autem adipisci et libero ullam sit. Accusantium id voluptatem atque magnam.', 2, '2019-04-26 00:35:55', '2019-04-26 00:35:55'),
(277, 37, 'Adeline Bergstrom', 'Repudiandae nihil ex dicta. Similique et quo voluptas in eos quod. Porro enim aut maxime et cumque tenetur. Soluta modi dolore eligendi quis aliquam dolor vel.', 4, '2019-04-26 00:35:55', '2019-04-26 00:35:55'),
(278, 3, 'Clinton Turner', 'Perspiciatis iste veritatis qui dolore dolores dolor ipsa. Iste eum optio nisi esse. Et distinctio officiis dolorem facilis.', 5, '2019-04-26 00:35:55', '2019-04-26 00:35:55'),
(279, 33, 'Brad Ziemann', 'Velit optio optio qui. In sed molestiae temporibus provident dolorem est. Ipsum nihil sint soluta quia aliquam. Fugiat reiciendis dolores enim aut qui esse in id.', 3, '2019-04-26 00:35:55', '2019-04-26 00:35:55'),
(280, 46, 'Amparo Stoltenberg PhD', 'Quibusdam dolore sed et natus velit ipsa. Ipsam debitis sed tenetur ut. Veritatis eos nam tenetur impedit. Animi ipsam et veritatis.', 1, '2019-04-26 00:35:56', '2019-04-26 00:35:56'),
(281, 4, 'Eldred Koch', 'Eveniet est nobis error voluptatibus eos. Quo est non autem quae voluptas dolores ducimus. Est nihil velit ut dolores doloribus id. Possimus est excepturi et reprehenderit.', 2, '2019-04-26 00:35:56', '2019-04-26 00:35:56'),
(282, 28, 'Lucienne Schmeler', 'Omnis ea quos minima dicta rerum. Cum eos iusto perspiciatis cumque. Quis quo quia unde rerum.', 2, '2019-04-26 00:35:56', '2019-04-26 00:35:56'),
(283, 30, 'Tad Trantow', 'Modi earum aut commodi alias debitis. Dolores perferendis iste laborum fuga. Distinctio nesciunt reiciendis doloribus. Voluptatem tempore et esse perspiciatis et consequatur.', 1, '2019-04-26 00:35:56', '2019-04-26 00:35:56'),
(284, 2, 'Chadrick Metz', 'Harum et velit accusamus et. Et eum dolores incidunt ea vitae labore. Sunt voluptatem enim veritatis autem.', 1, '2019-04-26 00:35:56', '2019-04-26 00:35:56'),
(285, 29, 'Mr. Nikko Parisian II', 'Libero quas vel est facilis harum sit. In aliquid maxime et dolor voluptatibus. Deserunt debitis aut autem.', 1, '2019-04-26 00:35:56', '2019-04-26 00:35:56'),
(286, 47, 'Dr. Faustino Parisian PhD', 'In corrupti deserunt et et eius. Rerum eos qui eligendi aut.', 0, '2019-04-26 00:35:56', '2019-04-26 00:35:56'),
(287, 1, 'Dr. Marley Pagac', 'Excepturi qui sunt sint corporis eius. Veniam eum rerum saepe incidunt. Et non distinctio nobis ullam. Iste voluptates qui explicabo ullam rerum quis quia.', 1, '2019-04-26 00:35:56', '2019-04-26 00:35:56'),
(288, 29, 'Mr. Oswald Mertz', 'Autem et atque laboriosam ut laboriosam unde temporibus. Placeat ea omnis modi cumque quibusdam provident. Cupiditate temporibus esse molestias.', 2, '2019-04-26 00:35:56', '2019-04-26 00:35:56'),
(289, 49, 'Adele Raynor', 'Aut dolores quo laudantium magni assumenda repellendus quis quam. Possimus aut ab repellendus earum. Vitae asperiores a doloremque.', 0, '2019-04-26 00:35:56', '2019-04-26 00:35:56'),
(290, 20, 'Ila Marquardt', 'Minima sit omnis nobis nam. Illo est voluptatum aut sapiente illo cupiditate. Earum delectus cum non vel sint quo asperiores omnis. Nobis neque quo est minus quisquam aut harum. Sint ad quo aut sunt officia.', 1, '2019-04-26 00:35:56', '2019-04-26 00:35:56'),
(291, 40, 'Dr. Barney Gerlach', 'Qui nulla est sunt doloremque cum et autem. Voluptatem sed quia veniam placeat. Repellat saepe omnis odit voluptatem voluptatum.', 3, '2019-04-26 00:35:56', '2019-04-26 00:35:56'),
(292, 12, 'Elyse Bailey II', 'Ut dignissimos distinctio at perferendis molestiae. Porro dicta in nam ut quia voluptates magnam. Quidem id sint molestiae. Quasi temporibus numquam ut error ad libero fuga.', 5, '2019-04-26 00:35:56', '2019-04-26 00:35:56'),
(293, 2, 'Otho Douglas', 'Accusantium at architecto ab omnis omnis id. Et ducimus temporibus animi. Non vel quos et debitis hic excepturi. Quod error accusantium iusto nam et excepturi.', 4, '2019-04-26 00:35:56', '2019-04-26 00:35:56'),
(294, 17, 'Prof. Laverne Roberts II', 'Ad saepe numquam architecto saepe et. Ea animi omnis in recusandae adipisci.', 2, '2019-04-26 00:35:56', '2019-04-26 00:35:56'),
(295, 32, 'Alice Wintheiser', 'Consequatur non quo totam et. Et et ut ut velit repudiandae. Illo tenetur voluptas qui ad et quo. Error optio quia vitae et ipsum suscipit.', 2, '2019-04-26 00:35:56', '2019-04-26 00:35:56'),
(296, 18, 'Karlie Medhurst', 'Maxime saepe repellendus qui fugiat quo incidunt. Ut distinctio quam tempore voluptas. Quod at enim dolorem.', 3, '2019-04-26 00:35:56', '2019-04-26 00:35:56'),
(297, 1, 'Theodore Pfannerstill DDS', 'Cupiditate aut illo dolores eaque cumque eos voluptas. Qui id et quia eos aspernatur iure. Quo facere vel voluptates maiores enim et. Qui doloribus qui eaque.', 5, '2019-04-26 00:35:56', '2019-04-26 00:35:56'),
(298, 26, 'Mr. Michale Abshire', 'Consequatur sed voluptas sapiente nobis illo autem praesentium quo. Harum ea alias nisi ut. Debitis quae et sit illum debitis aut.', 2, '2019-04-26 00:35:56', '2019-04-26 00:35:56'),
(299, 4, 'Pierre Turner', 'Corporis et non sint unde. Est id non sit dolorem dolor porro. Eum accusamus quis eum placeat doloribus ea impedit. Quis voluptas est non dolorem et. Quia dicta delectus sit quisquam.', 5, '2019-04-26 00:35:56', '2019-04-26 00:35:56'),
(300, 11, 'Prof. Westley Hackett MD', 'Expedita in maxime et repellendus rerum. Cumque sequi et explicabo rerum dignissimos sunt. Adipisci in accusantium provident.', 5, '2019-04-26 00:35:56', '2019-04-26 00:35:56');

-- --------------------------------------------------------

--
-- Table structure for table `users`
--

CREATE TABLE `users` (
  `id` bigint(20) UNSIGNED NOT NULL,
  `name` varchar(255) COLLATE utf8mb4_unicode_ci NOT NULL,
  `email` varchar(255) COLLATE utf8mb4_unicode_ci NOT NULL,
  `email_verified_at` timestamp NULL DEFAULT NULL,
  `password` varchar(255) COLLATE utf8mb4_unicode_ci NOT NULL,
  `remember_token` varchar(100) COLLATE utf8mb4_unicode_ci DEFAULT NULL,
  `created_at` timestamp NULL DEFAULT NULL,
  `updated_at` timestamp NULL DEFAULT NULL
) ENGINE=InnoDB DEFAULT CHARSET=utf8mb4 COLLATE=utf8mb4_unicode_ci;

--
-- Indexes for dumped tables
--

--
-- Indexes for table `migrations`
--
ALTER TABLE `migrations`
  ADD PRIMARY KEY (`id`);

--
-- Indexes for table `password_resets`
--
ALTER TABLE `password_resets`
  ADD KEY `password_resets_email_index` (`email`);

--
-- Indexes for table `products`
--
ALTER TABLE `products`
  ADD PRIMARY KEY (`id`);

--
-- Indexes for table `reviews`
--
ALTER TABLE `reviews`
  ADD PRIMARY KEY (`id`),
  ADD KEY `reviews_product_id_index` (`product_id`);

--
-- Indexes for table `users`
--
ALTER TABLE `users`
  ADD PRIMARY KEY (`id`),
  ADD UNIQUE KEY `users_email_unique` (`email`);

--
-- AUTO_INCREMENT for dumped tables
--

--
-- AUTO_INCREMENT for table `migrations`
--
ALTER TABLE `migrations`
  MODIFY `id` int(10) UNSIGNED NOT NULL AUTO_INCREMENT, AUTO_INCREMENT=13;
--
-- AUTO_INCREMENT for table `products`
--
ALTER TABLE `products`
  MODIFY `id` bigint(20) UNSIGNED NOT NULL AUTO_INCREMENT, AUTO_INCREMENT=51;
--
-- AUTO_INCREMENT for table `reviews`
--
ALTER TABLE `reviews`
  MODIFY `id` bigint(20) UNSIGNED NOT NULL AUTO_INCREMENT, AUTO_INCREMENT=301;
--
-- AUTO_INCREMENT for table `users`
--
ALTER TABLE `users`
  MODIFY `id` bigint(20) UNSIGNED NOT NULL AUTO_INCREMENT;
--
-- Constraints for dumped tables
--

--
-- Constraints for table `reviews`
--
ALTER TABLE `reviews`
  ADD CONSTRAINT `reviews_product_id_foreign` FOREIGN KEY (`product_id`) REFERENCES `products` (`id`) ON DELETE CASCADE;

/*!40101 SET CHARACTER_SET_CLIENT=@OLD_CHARACTER_SET_CLIENT */;
/*!40101 SET CHARACTER_SET_RESULTS=@OLD_CHARACTER_SET_RESULTS */;
/*!40101 SET COLLATION_CONNECTION=@OLD_COLLATION_CONNECTION */;
